building_id,efficiency_score,energy_intensity,annual_consumption_kwh,square_feet,primary_use
285,0.0,134.26356973985912,2948159.4643478263,21958,14
81,0.0,13.155098553156446,39794.17312329825,3025,7
648,0.0,56.16498600865219,8689060.325454546,154706,0
1105,0.0,36.48399463950683,1211815.8819512194,33215,2
38,0.0,119.0026221578926,1519544.4823341307,12769,6
272,0.0,30.412877630769838,139382.21818181817,4583,0
1329,0.0,25.921766623919485,1557898.174097561,60100,13
927,0.0,11.494277632649501,8570949.496615386,745671,4
506,0.0,91.87409123434706,3160468.738461539,34400,7
640,0.0,56.182007923346234,2032665.0466666666,36180,1
982,0.0,2.5783673874810837,962803.6363636364,373416,12
1089,0.0,68.28703434781151,4290952.377313432,62837,6
1447,0.0,49.97384270920795,1487971.1666666667,29775,4
1197,0.0,45.336672663209924,2291859.4764705882,50552,12
854,0.0,68.4360362298343,6315824.911578948,92288,1
505,0.0,16.78384056005781,866415.4173913044,51622,15
1418,0.0,96.54197487569098,3987376.646315789,41302,4
1,0.0,91.17655674634786,248000.23435006617,2720,0
1240,0.0,51.47699867432356,3772080.0318584074,73277,9
1245,0.0,46.12553256552097,1630722.0783214285,35354,3
157,0.0,107.45994294408518,565024.3799999999,5258,6
1212,0.0,33.66580969057906,7996235.786086957,237518,9
1108,0.0,2.0833483663766,1415872.7166666668,679614,8
533,0.0,35.91338791000271,427369.3161290323,11900,4
1402,0.0,35.945778343338766,4802140.311999999,133594,4
870,0.0,69.55346430249948,52512.865548387104,755,1
441,0.0,134.91704928068566,440774.00000000006,3267,9
449,0.0,19.817102592064423,363445.6615384615,18340,4
1155,0.0,119.35082233365561,2274707.3228571424,19059,15
1354,0.0,169.3919708075069,3935314.2658,23232,0
1199,0.0,20.62604505443032,217790.40972972976,10559,15
1391,0.0,50.25291566032268,3452023.5354545456,68693,1
1285,0.0,27.073287050843835,3521341.226842105,130067,3
428,0.0,82.40580945558739,115038.51,1396,1
1139,0.0,22.082600548886408,7434107.474782609,336650,6
446,0.0,38.43046451904781,1690632.9951219512,43992,9
508,0.0,1.1193951458483502,125689.0451612903,112283,7
1184,0.0,52.18094979331513,3891863.9593846155,74584,4
1271,0.0,52.47816852507061,1077901.5815049503,20540,9
1015,0.0,213.64454662637118,984260.4263076921,4607,7
1300,0.0,31.7249466675306,812444.1592087911,25609,3
458,0.0,62.41810198300284,286436.67000000004,4589,1
902,0.0,108.24629391623418,1576174.285714286,14561,0
1112,0.0,58.44721768668196,11132500.0,190471,6
375,0.0,11.156795875600045,9487226.0,850354,6
1426,0.0,224.6310726684319,3470550.0727272728,15450,1
546,0.0,24.15084218181818,9660336.872727273,400000,9
881,0.0,23.757601068838376,8191573.333333334,344798,1
516,0.0,91.19191397849464,820727.2258064518,9000,9
357,0.0,6.6575999999999995,13315.199999999999,2000,4
54,0.0,149.37090991389059,1175100.9482925772,7867,0
1125,0.0,4.061172303494793,1102575.7910204083,271492,8
1303,0.0,26.4042898,5280857.96,200000,3
1052,0.0,10.457928972635761,473796.47210526315,45305,11
1317,0.0,28.618944197174233,5174476.824514285,180806,1
199,0.0,1.7353031847794154,702941.82,405083,8
1200,0.0,10.89565590534603,5941956.843636363,545351,1
1313,0.0,41.20273356250144,2828032.0235294118,68637,3
55,0.0,143.7607894839179,2404542.964908011,16726,6
1205,0.0,5.619988987727074,1001875.4368421054,178270,8
1282,0.0,382.2763885714286,4778454.857142857,12500,3
816,0.0,77.59199879614766,27622.75157142857,356,1
509,0.0,62.336120249574584,659391.48,10578,7
404,0.0,262.7686223166424,1519590.942857143,5783,9
84,0.0,13.23856612227801,53457.33000175861,4038,6
532,0.0,45.13599166850252,321955.0285714285,7133,1
797,0.0,3.025686091537653,2312341.2615384613,764237,0
1171,0.0,79.70341194819207,4531218.672666667,56851,5
869,0.0,13.308125257142857,11644609.6,875000,1
368,0.0,31.63197202797203,521927.5384615385,16500,11
1163,0.0,22.751235091469464,1909260.897641026,83919,8
757,0.0,142.03277338375653,6648980.220413795,46813,0
1192,0.0,178.36234627519156,7774279.587096774,43587,6
1349,0.0,141.54228233945622,1120873.333846154,7919,5
1153,0.0,14.835673403684494,1327140.0,89456,13
31,0.7692307692307736,60.784868193055416,3762826.4806229025,61904,0
620,1.2195121951219505,47.82475115451105,10555066.054054052,220703,0
1252,1.2987012987013031,55.052931370999914,6399848.218947369,116249,0
904,1.470588235294116,153.42475450643977,4596759.069767442,29961,0
1204,1.5625,147.80558418810102,5673073.932307693,38382,6
791,1.5748031496062964,47.559349335732094,7166956.148148147,150695,0
1295,1.6129032258064484,37.23759715649746,4307496.288675,115676,6
16,1.7699115044247833,59.76469175115619,3265781.816050179,54644,0
60,1.923076923076934,58.8582264319224,4801418.679410501,81576,0
1336,1.9607843137254974,65.38827910672475,2030502.2311011238,31053,6
18,2.0270270270270316,47.323326218561796,5295054.293921098,111891,0
645,2.1276595744680833,39.75943700767627,12100108.742857141,304333,0
1301,2.3076923076923066,59.31119073458641,3691647.1337021273,62242,0
790,2.484472049689444,56.66531952051155,4879507.3292307705,86111,0
1249,2.5,41.98059101330444,6691034.518064515,159384,6
1437,2.6845637583892596,44.82246869563657,4998512.063999999,111518,0
1412,2.857142857142861,71.998087135776,2846660.369174312,39538,4
754,2.898550724637687,75.29134552165304,3112318.3498285715,41337,6
1287,3.100775193798455,58.916840344809195,3569300.0217692307,60582,0
1266,3.225806451612897,44.772389241448465,603039.3106930694,13469,9
1438,3.225806451612897,44.08218214520794,4803679.470545454,108971,0
218,3.225806451612897,45.60687343854732,748454.4,16411,9
125,3.3333333333333286,95.3824684736411,1602616.2352941178,16802,0
1077,3.7037037037037095,115.46133584795965,2246184.827586207,19454,1
1076,3.8461538461538396,35.06595917268953,4104610.785,117054,4
768,3.973509933774835,51.88044209722241,3939230.088,75929,0
785,4.166666666666657,35.6974187707317,8924354.692682926,250000,0
1409,4.166666666666657,64.7419681485507,3164652.1450693067,48881,4
1332,4.255319148936167,43.01809895340622,2038971.8541935482,47398,0
1289,4.255319148936167,38.84684767513025,7553419.9088,194441,0
1075,4.477611940298516,61.02753815896245,4437251.272000001,72709,6
232,4.545454545454547,57.78730324443271,1406831.8974857142,24345,1
1281,4.615384615384613,36.51265345084163,3765842.0516129043,103138,6
103,4.6511627906976685,90.46432821214142,1959185.956090347,21657,0
1314,4.6979865771812115,46.216107231475796,3411349.523076923,73813,0
743,4.761904761904773,92.30421580346471,1124726.8695652175,12185,1
1222,4.761904761904773,20.074208276790582,3757369.8600000003,187174,4
765,4.761904761904773,43.07293924457526,2522437.4680408165,58562,1
615,4.800000000000011,43.632617968212664,6706333.381714286,153700,0
1225,4.838709677419345,35.692273371026346,4381083.7872,122746,6
82,5.26315789473685,83.10217892333704,892766.7081734098,10743,6
1377,5.333333333333329,45.55342468542618,3398239.9281081078,74599,0
1299,5.357142857142861,87.3233656428439,2218100.8106938777,25401,0
1297,5.4054054054054035,88.75386260984959,1905456.676370861,21469,6
1296,5.555555555555557,76.73903675486163,678066.1287659573,8836,6
502,5.555555555555557,77.2807730705235,464457.44615384616,6010,9
983,5.555555555555557,26.098214360176364,3187166.134093458,122122,1
1431,5.555555555555557,28.926325598969996,3221235.6187012987,111360,9
1367,5.79710144927536,78.42747191806113,2642613.6662790696,33695,0
932,5.882352941176478,15.960027354766606,3733640.9192920355,233937,4
0,5.882352941176478,64.52778387890697,479570.4897880367,7432,0
437,5.882352941176478,38.17953646127755,444829.7793103448,11651,1
602,5.882352941176478,20.621478984311008,4909252.3944,238065,1
1306,6.0,41.29547340927551,2237058.3855272727,54172,4
114,6.060606060606062,38.229347013288255,5339989.878857143,139683,0
1430,6.15384615384616,67.745021668574,3611012.8899999997,53303,6
1424,6.25,47.80664136307487,1152283.4767741936,24103,4
485,6.451612903225808,43.19549363636364,950300.8600000001,22000,9
1011,6.474820143884898,43.62873628600309,2842150.396615385,65144,0
78,6.535947712418306,43.356494759975256,3306236.220911433,76257,0
110,6.779661016949163,86.13280282511606,2395697.777777778,27814,0
150,6.779661016949163,51.40173716652995,3374883.857142857,65657,6
1267,6.818181818181827,35.54022609164438,4939274.001538461,138977,0
521,6.896551724137936,23.75335769230769,285040.2923076923,12000,9
154,6.896551724137936,58.29194601654332,2008449.0,34455,6
745,6.896551724137936,56.24364962218141,759964.1936949152,13512,0
1378,6.976744186046517,35.34284818876813,7581217.650731708,214505,0
1387,7.142857142857139,26.799993423901704,5012697.569999998,187041,6
1283,7.142857142857139,41.67288710483631,3189517.760342857,76537,9
1441,7.246376811594203,85.20412367713897,2568307.9,30143,0
1004,7.333333333333343,43.028375397270516,3222222.92,74886,0
1337,7.407407407407405,94.68565172002171,1396045.24896,14744,6
1293,7.462686567164184,64.19184472607199,3304018.439895652,51471,6
203,7.5,34.32725320452105,2174562.8359999997,63348,4
332,7.5,39.13234819605174,3537564.276923077,90400,0
1224,7.692307692307693,58.81229743688023,1380971.5561153847,23481,6
1251,7.79220779220779,38.92295255003335,4071496.5285436884,104604,0
15,7.8125,41.50163087976145,3484352.423772132,83957,6
850,8.333333333333343,31.18623493062842,891614.4566666665,28590,9
786,8.450704225352112,31.771267354085598,8165215.709999999,257000,0
759,8.510638297872347,31.690143807882148,1537574.087414634,48519,4
1434,8.57142857142857,70.77150641818511,2345933.89475,33148,0
1263,8.860759493670884,35.0153802603594,3425834.773913043,97838,0
1298,8.92857142857143,33.148116188538964,5671112.31,171084,0
283,9.090909090909093,16.997786535498403,882525.076923077,51920,1
864,9.090909090909093,40.47707380607814,671271.7919999999,16584,9
235,9.090909090909093,21.265585833743234,197961.33852631578,9309,0
611,9.154929577464785,34.316087226636284,4396782.992000001,128126,0
1384,9.166666666666671,33.290751512385526,1896540.8229090911,56969,0
774,9.375,24.849240265406777,2323403.9648155337,93500,4
338,9.523809523809518,50.70885518632106,1207022.8800000001,23803,1
1405,9.523809523809518,19.217728430171935,2746232.6103999997,142901,4
789,9.558823529411768,38.64577024913676,2495859.7799999993,64583,0
489,9.615384615384613,38.35576550591073,3261735.942857143,85039,0
1414,9.756097560975604,31.9207633522684,2096013.0839999998,65663,4
1394,10.0,71.2270786681397,1164633.9633027522,16351,1
551,10.0,53.18952512843421,1623610.2545454544,30525,6
231,10.294117647058826,42.21422437566397,1424265.7162105266,33739,0
1079,10.34482758620689,43.22340492695728,613123.998888889,14185,0
119,10.429447852760731,34.95459155527369,3186076.0656716414,91149,0
1094,10.447761194029852,45.63957456589591,3233655.137142857,70852,6
993,10.526315789473685,20.205848213459863,8661176.21915493,428647,0
823,10.526315789473685,28.153838124414946,992507.2554000001,35253,9
572,10.559006211180119,33.86984765949916,3189692.9033333333,94175,0
76,10.563380281690144,33.79420402095498,4355633.573648824,128887,0
209,10.63829787234043,32.53417928130206,6288661.65,193294,0
75,10.897435897435898,34.06041729871362,2756918.2969924775,80942,0
1254,10.909090909090907,54.77896399434241,1368323.741614679,24979,0
1439,10.92436974789915,30.922823075457416,1747046.7352941176,56497,0
1292,10.9375,49.42378221870919,2876266.43,58196,6
1355,11.0,35.35806021466569,1787951.030875,50567,0
793,11.023622047244103,32.49700714892791,4897136.492307692,150695,0
116,11.111111111111114,40.2959809400169,1501629.7297297297,37265,0
277,11.111111111111114,40.37771413194389,515260.010037736,12761,0
534,11.111111111111114,50.10711926887337,44996.193103448284,898,1
977,11.111111111111114,71.28767034707964,629969.1428571428,8837,6
292,11.111111111111114,24.670623635519465,832460.8533333333,33743,9
1396,11.538461538461547,24.32182871967345,2343067.6915384615,96336,4
1291,11.764705882352942,21.50994373151751,5109601.093647058,237546,6
851,11.764705882352942,39.20662129163752,654044.856387097,16682,9
1244,11.764705882352942,31.878630570373993,3045238.063865546,95526,9
1294,12.0,92.55643154920013,1448415.5973134327,15649,6
1326,12.121212121212125,41.85799495516835,1966530.4609887642,46981,6
28,12.121212121212125,45.783192491349055,2424540.524764372,52957,6
767,12.307692307692307,43.684216940312,3059729.922933333,70042,6
873,12.307692307692307,40.9210354491555,1642652.2049999998,40142,6
1106,12.307692307692307,33.58101224488402,3092777.6467415732,92099,6
1157,12.328767123287676,38.515070005297304,1429178.702686567,37107,0
1370,12.5,29.597009494194314,141266.52631578947,4773,0
394,12.5,58.07534349306822,205877.09268292683,3545,1
800,12.5,33.00343902734006,2131461.102702703,64583,0
381,12.5,69.92889810706502,129927.8926829268,1858,1
121,12.5,31.93226968826088,4799994.914999999,150318,0
1043,12.5,40.18163085292204,1120625.5028571428,27889,6
67,12.5,23.877896758092444,583957.8431159088,24456,4
651,12.5,1.333263723296531,408165.35625,306140,8
1382,12.5,14.376280263131909,3494471.1961199995,243072,9
1092,12.698412698412696,29.23444718628948,3074499.1072405055,105167,6
115,12.7659574468085,31.828336644122786,4128644.5161290313,129716,0
954,12.7659574468085,21.97342871893328,6706817.807307691,305224,0
1373,12.903225806451616,33.27599383418104,3508421.1339130434,105434,0
1078,13.043478260869563,42.28269847584475,3401135.6999999997,80438,1
585,13.333333333333329,12.96544982934183,1716547.7647058822,132394,9
834,13.333333333333329,37.866726743007696,186834.42974999998,4934,9
211,13.402061855670098,30.659840591128933,1484273.5428571429,48411,0
782,13.475177304964532,31.699388907542236,4100125.758857143,129344,0
1230,13.513513513513516,44.58742777930079,1004287.223300971,22524,6
445,13.75,34.586490842490846,1416316.8,40950,0
409,13.75,36.15496896787423,1391966.305263158,38500,0
4,13.907284768211923,31.274658930259793,3646844.153880804,116607,0
1288,13.91304347826086,31.683430239347846,5202609.345882352,164206,0
1259,13.986013986013987,32.36427015197193,2300711.2365633803,71088,0
1273,14.0625,27.027850070612647,2813301.886,104089,6
122,14.102564102564102,30.482619100117226,2531368.137931035,83043,0
827,14.285714285714292,49.1258437777328,286845.8018181818,5839,6
33,14.285714285714292,27.41072016310269,1060411.1202297907,38686,4
1179,14.285714285714292,23.527954980869662,3369861.936,143228,1
126,14.285714285714292,43.423675447074864,935302.5454545454,21539,0
1360,14.285714285714292,24.536117020084284,2736513.13125,111530,1
526,14.285714285714292,26.300936354112103,200833.95,7636,9
1318,14.285714285714292,37.293832177024946,2740649.1390252095,73488,1
1304,14.516129032258064,32.77371762264696,2994305.1631578943,91363,6
294,14.81481481481481,37.016524132652314,552027.424390244,14913,1
337,14.81481481481481,40.66206436171511,908146.5454545453,22334,1
784,14.893617021276597,30.44514251151989,5809450.758620691,190817,0
609,15.151515151515156,29.950286219657137,4236797.438918918,141461,0
62,15.384615384615387,24.10921371412345,1030210.8112182091,42731,4
87,15.384615384615387,29.979928588329535,192231.30210836898,6412,1
1358,15.384615384615387,27.670990063743158,1700077.9585263159,61439,4
1239,15.384615384615387,37.50227913829302,1173821.3370285714,31300,6
955,15.555555555555557,31.714031569353974,6294854.6981379315,198488,0
1379,15.625,39.26303798953297,1945601.3214953272,49553,6
863,15.625,38.47825993728708,762754.5467368418,19823,9
1381,15.625,32.68475095727708,2765620.20225,84615,6
13,15.625,29.49056257443853,2930772.1086477013,99380,0
12,15.625,19.264811801881816,714724.5178498153,37100,4
888,15.789473684210535,20.375389781998518,2802064.3536,137522,1
91,15.862068965517238,28.603760142133503,1947744.4431184388,68094,0
1275,15.873015873015873,25.696535014016934,2933670.6164102573,114166,6
641,16.129032258064512,29.068342776415466,3185541.5481818183,109588,0
1156,16.17647058823529,23.10592589071076,6007286.5664,259989,0
1181,16.279069767441854,25.486084348084347,1544609.628,60606,0
1187,16.393442622950815,23.85268632477228,2903205.8633333333,121714,6
936,16.666666666666657,9.789074889867841,111106.0,11350,4
459,16.666666666666657,18.987141822622327,697663.5391304347,36744,1
921,16.666666666666657,15.433338257638658,4046034.824299066,262162,1
1344,16.666666666666657,29.595590536272066,3714453.781435898,125507,0
859,16.666666666666657,28.72171406896552,114886.85627586208,4000,9
11,16.666666666666657,24.512431154545173,1202898.5340469952,49073,0
475,16.666666666666657,19.2801425521755,9151898.066666666,474680,6
519,16.666666666666657,18.3840355785422,8486934.872727271,461647,9
844,16.666666666666657,28.074658808933005,194950.4307692308,6944,1
1143,17.1875,30.471759624983328,2943937.6408888893,96612,6
1231,17.241379310344826,34.511693057202436,456244.5822162162,13220,0
120,17.241379310344826,26.18135221908807,1785856.2162162163,68211,0
545,17.391304347826093,37.293910113114514,816848.5132075473,21903,0
569,17.391304347826093,28.738251027758643,2474104.7692307695,86091,0
1308,17.5,25.928409615479982,1614795.422442478,62279,4
792,17.5,20.037117644191845,6686005.452631579,333681,0
1320,17.64705882352942,20.712207848281853,715917.4642758622,34565,1
189,17.64705882352942,12.383497886420487,92640.94768831167,7481,0
192,17.74193548387096,29.812723848864525,4520712.00627027,151637,0
79,17.74193548387096,37.48071959885868,1358301.2782626385,36240,6
1202,17.85714285714286,63.29049062520214,1063596.694956522,16805,6
1238,18.181818181818173,24.207188242782525,3139841.765406593,129707,6
561,18.181818181818173,20.437416021409454,6029037.726315789,295000,6
649,18.181818181818173,28.742448684992375,3337601.8837499996,116121,0
1268,18.181818181818173,38.22788297503751,1644066.5631074382,43007,6
903,18.33333333333333,20.452077395642632,5640539.781176468,275793,0
1111,18.461538461538467,36.320359731013255,2463936.883792208,67839,6
108,18.58974358974359,25.256363279769996,2060414.1163636362,81580,0
1226,18.64406779661016,37.71637778830099,1055869.9961834862,27995,0
77,18.75,22.66295609607241,554245.2542855468,24456,4
305,18.75,54.492502879289226,470651.74736842106,8637,6
80,19.04761904761905,23.573354677177843,3680059.9720089105,156111,6
1256,19.04761904761905,35.902304236351235,1361307.6697297299,37917,6
97,19.04761904761905,14.568293567782938,2733696.583113765,187647,4
979,19.04761904761905,14.52248797465265,760353.9028888888,52357,1
1020,19.230769230769226,32.68087667224711,722280.0553333333,22101,1
14,19.254658385093165,26.830831207701152,2314159.1916642245,86250,0
753,19.277108433734938,30.144289554118465,1192447.8061818182,39558,0
117,19.354838709677423,28.05709261956328,434576.30758441566,15489,0
1126,19.444444444444443,24.611239411918056,1780180.169142857,72332,0
831,20.0,43.940983681836826,178620.0986666667,4065,1
941,20.0,4.244231075274521,34289.142857142855,8079,4
876,20.0,20.871339608979003,1152932.8,55240,0
401,20.0,28.25686542488702,357731.9162790697,12660,1
836,20.0,20.45247984512733,167055.855375,8168,9
373,20.0,20.83807331554944,968637.0000000002,46484,0
421,20.0,24.630918867335886,277688.9793103448,11274,1
874,20.0,20.466470387454738,3720906.648791209,181805,6
156,20.0,22.74770312034981,993642.42,43681,9
484,20.0,30.492781333333326,548870.0639999999,18000,9
1016,20.0,26.669991462931804,269446.92375,10103,7
787,20.0,9.71051487666565,2707242.99504,278795,4
879,20.129870129870127,27.365029149846535,3016583.988333333,110235,0
1253,20.149253731343293,28.714497077983726,3869221.052264151,134748,0
8,20.15503875968993,21.029484664799917,1278781.9329818182,60809,0
1276,20.3125,36.766851410053,1980262.6169454546,53860,6
3,20.370370370370367,33.01261316435576,781903.7427977662,23685,0
619,20.689655172413794,23.918650733089876,1629960.3728571427,68146,0
111,20.91503267973856,27.969958437878123,3309908.941621621,118338,0
617,20.95238095238095,28.43751830543585,5202444.911351351,182943,0
1255,21.05263157894737,33.06256338787254,783648.8774193549,23702,6
300,21.05263157894737,22.149077627388536,1390962.075,62800,0
653,21.05263157894737,19.375283218435687,8154766.077391304,420885,0
842,21.05263157894737,24.04149957612327,175310.6149090909,7292,9
438,21.05263157894737,23.653954014185953,864835.8666666668,36562,9
1229,21.276595744680847,28.51857898587421,788424.6346434784,27646,6
1309,21.276595744680847,24.025531051081984,1394465.8477358494,58041,4
924,21.42857142857143,15.772797913877028,3978972.18413793,252268,1
867,21.42857142857143,16.824107668242103,1108927.4087368418,65913,9
592,21.568627450980387,27.580389130481095,3328787.485714285,120694,0
802,21.568627450980387,17.968215147605083,5222012.527272727,290625,0
1290,21.590909090909093,24.967308084846774,5004497.167142857,200442,0
268,21.73913043478261,26.237933496801293,2042465.6951249999,77844,1
1413,21.951219512195124,23.13502614058436,1526888.5902524272,65999,4
145,22.222222222222214,55.92381652422074,795180.7471578947,14219,6
249,22.222222222222214,17.349397124616935,3113331.9646153846,179449,1
86,22.222222222222214,15.961056256301033,174486.2669938829,10932,0
96,22.222222222222214,12.644194376298055,2540635.908612697,200933,4
465,22.222222222222214,37.28825145348837,238644.80930232556,6400,6
1338,22.535211267605632,29.301123292544776,920494.7882352942,31415,0
550,22.58064516129032,28.033869512195125,448541.912195122,16000,9
30,22.699386503067487,23.74101505257288,2229210.0903914357,93897,0
326,22.727272727272734,16.97745235795205,773289.0,45548,1
760,22.727272727272734,33.315859227230064,1665459.802769231,49990,6
1417,22.857142857142847,18.82716364805005,761577.5967272726,40451,4
395,23.076923076923066,18.874487394957985,168454.80000000002,8925,9
540,23.125,21.576253680634203,1905183.2,88300,0
1432,23.33333333333333,25.242427684385888,4055776.5833333335,160673,0
1258,23.33333333333333,19.406596104437956,5302541.88,273234,0
751,23.4375,27.575015743440233,1033649.465142857,37485,6
1443,23.4567901234568,20.01569739718136,806852.7777777778,40311,0
213,23.469387755102048,19.374670441659305,962184.8834736843,49662,0
780,23.529411764705884,25.625578224787073,3096492.370370371,120836,0
847,23.529411764705884,21.105944116698595,196348.59811764702,9303,1
1185,23.636363636363626,23.41030401754007,3032383.5000000005,129532,6
1302,23.80952380952381,23.312111035281227,2107671.270810811,90411,6
783,23.80952380952381,17.55437034449025,2512205.9399999995,143110,1
131,23.80952380952381,21.10017905521969,1406559.0359999998,66661,4
1006,23.91304347826086,21.77400075963293,586765.7724705882,26948,6
747,23.94366197183099,32.2059452827805,983279.7154285714,30531,0
1372,24.13793103448276,21.7595320895633,354441.0182068966,16289,0
1030,24.305555555555557,20.74480298254674,1411268.9469026548,68030,0
212,24.390243902439025,17.234593566466312,5640124.152187499,327256,0
624,24.444444444444443,17.70585541836204,818081.3437499998,46204,0
7,24.83660130718954,24.162430404555472,2925442.098801149,121074,0
826,25.0,27.652967602591794,537739.608,19446,9
1098,25.0,16.678055794828303,2197250.460689655,131745,6
714,25.0,11.946796038002828,104295.5294117647,8730,0
342,25.0,18.571975280384525,286379.8588235294,15420,4
543,25.0,37.72738131389818,30219.632432432438,801,1
1284,25.0,17.179494688315856,7600861.2709090905,442438,0
549,25.0,17.334590455282004,221085.3666666667,12754,9
164,25.0,13.233168798972953,170813.74285714288,12908,15
467,25.0,22.316392964726457,1058667.3658536584,47439,9
1274,25.0,46.096113681169605,787183.3333333334,17077,6
1365,25.0,17.562263124030462,2277193.285714286,129664,4
937,25.0,9.254945550615375,95751.66666666667,10346,4
85,25.0,15.700326385606836,584695.8549263842,37241,4
656,25.0,28.173954386746896,162535.54285714283,5769,7
340,25.0,58.717806645175706,108216.91764705883,1843,1
1174,25.0,91.63638448748043,2533562.758309859,27648,7
100,25.0,22.30675408664562,545533.9779430053,24456,4
872,25.0,14.854875743749838,53878.63432258066,3627,9
1235,25.0,10.480236068979355,2917372.834285714,278369,9
169,25.233644859813083,20.370565257762873,3657718.327118644,179559,0
750,25.373134328358205,21.597917115865517,777309.0369999999,35990,0
1421,25.51020408163265,18.849489476601754,903531.4285714285,47934,0
890,25.581395348837205,20.095077468907554,4078034.7363076927,202937,0
537,25.850340136054413,18.401731665228645,1347006.7578947367,73200,0
770,25.9493670886076,18.29867919469716,1469841.4063140496,80325,0
219,25.9493670886076,20.67419870973111,1987286.6767741935,96124,0
88,26.08695652173914,25.217960414937163,1929854.8566738963,76527,1
1310,26.08695652173914,20.12963007750155,1152904.4330588237,57274,4
92,26.31578947368422,46.22734046640788,498284.5028874106,10779,6
1242,26.31578947368422,30.581517003517966,730011.3923909774,23871,6
123,26.356589147286826,17.80457541057074,1089711.2334285716,61204,0
248,26.41509433962264,26.402058677920703,650625.9319999999,24643,0
1350,26.5625,24.721921613712897,3702404.4247128707,149762,0
804,26.66666666666667,15.246208247446162,2677508.6,175618,6
524,26.66666666666667,10.277484482202857,1378354.553846154,134114,9
118,26.717557251908403,22.130880307674918,3061054.840636364,138316,0
1351,26.86567164179104,21.48077460514052,872355.7374893617,40611,6
1270,26.923076923076934,32.602947298787434,604817.2753398058,18551,1
113,27.04402515723271,19.48184397386599,1957555.1643380283,100481,0
599,27.11864406779661,29.120249269118325,757010.0,25996,0
1261,27.272727272727266,30.040123888035023,1289983.0,42942,6
448,27.272727272727266,17.27024212191264,5677764.8,328760,6
1033,27.272727272727266,21.35958165736904,2530875.4710000004,118489,0
486,27.32919254658384,19.17126783008428,1655918.2588235296,86375,0
771,27.5,18.027591652975154,1494685.651539823,82911,4
1248,27.58620689655173,22.59591409890589,1762526.4915428571,78002,6
291,27.777777777777786,16.584196164338703,1503108.6193548385,90635,9
928,27.777777777777786,19.983146552180877,3579281.2946938775,179115,0
202,27.906976744186053,18.43348463720409,1376649.4996756758,74682,4
247,27.941176470588232,18.106724845644095,1168970.1560347828,64560,0
766,28.070175438596493,22.93454845876146,1486571.5620000002,64818,6
935,28.57142857142857,24.844645632475984,400868.35728,16135,6
382,28.57142857142857,17.227615752869998,826649.914285714,47984,0
10,28.57142857142857,12.433673599048625,4610070.461340056,370773,1
464,28.57142857142857,15.956244370093938,156626.49473684208,9816,9
1335,28.57142857142857,10.227009498970814,1399228.7586206899,136817,9
1440,28.57142857142857,11.660774025766639,1752544.3714285712,150294,4
707,28.57142857142857,10.60026922327786,119465.03414634147,11270,0
496,29.032258064516128,26.99717671957672,437354.2628571429,16200,9
664,29.166666666666657,11.466887102371862,567519.1764705882,49492,1
1262,29.310344827586206,22.864758788881705,1486209.3212773108,65000,6
625,29.310344827586206,16.521497910512284,917207.478,55516,0
1257,29.310344827586206,24.551727323171324,1504382.5399999998,61274,6
796,29.48717948717949,17.75896328283407,4014271.578378379,226042,0
482,29.629629629629633,16.886023376970343,6653093.2105263155,394000,0
1323,29.6875,21.663516595674967,1889058.647142857,87200,6
390,29.82456140350878,21.369768531976742,735120.0375,34400,6
259,29.936305732484087,17.466853580141734,1353139.68,77469,0
560,30.0,16.772447794117646,5702632.25,340000,6
1183,30.0,13.985485983307575,2333562.2492307685,166856,1
72,30.0,1.1281202857867743,437302.29134181363,387638,8
1067,30.069930069930066,19.29191448816575,2425012.943076923,125701,0
627,30.25210084033614,16.48863002033191,933866.5384615384,56637,0
1327,30.37974683544303,16.91008577494692,1659302.1666666667,98125,0
668,30.434782608695656,13.416867265996828,634282.4,47275,1
576,30.434782608695656,17.5595119412479,1518283.2,86465,0
942,30.434782608695656,18.021476217407105,1033243.317448819,57334,4
594,30.555555555555557,19.294342362616955,3420520.3083870965,177281,0
886,30.555555555555557,17.46552745626728,1219076.3509199999,69799,0
1026,30.555555555555557,12.683456008890898,1122232.1876666667,88480,4
411,30.769230769230774,23.850113744235557,146415.84827586208,6139,1
1057,31.034482758620683,22.846236999930312,602500.9621621622,26372,0
49,31.25,21.46669069485174,524989.3876332941,24456,4
522,31.25,20.49572926829268,163965.83414634145,8000,6
66,31.25,15.330929404942601,570939.1419694674,37241,4
987,31.304347826086953,19.958986490837205,3321075.557142857,166395,0
109,31.66666666666667,16.229839725553028,925019.7151578948,56995,0
959,31.69014084507043,18.59134462141396,2389657.0722580645,128536,0
318,31.746031746031747,16.2643489212828,1707756.636734694,105000,6
583,31.764705882352942,18.497212065769165,3811424.5349999997,206054,0
1386,31.818181818181827,17.469861989100533,1433140.1282758622,82035,1
1121,31.847133757961785,16.932857250034996,1451687.7177600001,85732,0
562,32.051282051282044,15.917823240589199,3740688.4615384615,235000,0
180,32.075471698113205,16.782453799476297,412613.40911392425,24586,0
23,32.11678832116789,18.022350876463197,2358855.3944658856,130885,0
317,32.14285714285714,24.0789352714623,387622.70000000007,16098,6
1219,32.25806451612904,20.84464943817922,1903450.0080967739,91316,6
238,32.30769230769231,20.21419439928754,909982.3892727272,45017,6
1042,32.69230769230769,20.51006564643356,606010.9096551724,29547,6
469,33.33333333333334,16.721733130674775,218118.28695652177,13044,9
1012,33.33333333333334,13.400959042545185,309722.96539130434,23112,0
962,33.33333333333334,7.901026807937843,3894400.3115789467,492898,9
1436,33.33333333333334,119.18509805183314,1347029.978181818,11302,5
807,33.33333333333334,43.1879856969697,129563.95709090908,3000,1
159,33.33333333333334,9.15191700412379,89578.96363636365,9788,0
22,33.33333333333334,22.20834969195808,79261.60005059838,3569,0
369,33.33333333333334,20.022122013165394,128762.26666666665,6431,9
1233,33.33333333333334,15.535506365981528,670248.3511475411,43143,0
553,33.33333333333334,16.504566137566137,623872.6,37800,0
746,33.33333333333334,31.919798143072878,570694.071,17879,6
43,33.33333333333334,10.383322440882372,613353.2399053626,59071,11
1241,33.33333333333334,20.037205170978304,3890984.797741935,194188,3
1167,33.33333333333334,21.794445858874916,1149613.4301639341,52748,6
406,33.33333333333334,52.81282264032472,123951.69473684211,2347,1
376,33.33333333333334,11.175208446239523,6548169.26511628,585955,6
1215,33.33333333333334,8.089552163022931,811608.5894117646,100328,8
1343,33.33333333333334,15.880790665579516,1752921.673666667,110380,6
335,33.33333333333334,15.02625305676856,3441011.95,229000,6
1018,33.33333333333334,17.132211323743068,3200982.363728155,186840,0
433,33.33333333333334,30.25886978343712,697618.2428571428,23055,1
892,33.33333333333334,2.451758957702523,1181745.3658536584,481999,12
835,33.33333333333334,22.34965298570227,384861.0244137931,17220,1
1059,33.33333333333334,16.760852036707025,1947376.3547368422,116186,1
676,33.33333333333334,19.88498847811945,1803508.7999999998,90697,5
1147,33.33333333333334,10.63331484206951,2493257.1309090904,234476,1
432,33.33333333333334,12.129638004895961,1251778.6421052632,103200,9
447,33.33333333333334,22.28387429383427,478479.34883720946,21472,9
1210,33.33333333333334,19.790572695218295,1830627.9743076921,92500,6
24,33.54838709677419,16.387899909511134,1729660.8959493525,105545,0
1169,33.599999999999994,19.551188088337923,3039017.125263158,155439,0
350,33.76623376623377,16.006114899420393,1341312.4285714289,83800,0
266,33.80281690140845,17.62675431826792,538373.9571428571,30543,0
104,33.846153846153854,19.6698890679353,891636.0714495071,45330,6
1347,34.14634146341463,15.48331304192378,4990906.609246753,322341,0
559,34.375,13.768729608963108,674585.1384615385,48994,0
1234,34.44444444444444,13.11795065576868,603911.0943396228,46037,0
1176,34.61538461538461,17.889333406494817,2552306.9757714286,142672,0
26,34.78260869565217,15.195230543978248,409557.0488518457,26953,6
500,34.81012658227847,16.222757689422355,1621870.2,99975,0
276,34.848484848484844,19.719756221022507,1396888.3714285714,70837,6
1312,34.883720930232556,16.779408774339625,1258455.6580754719,75000,4
440,35.0,18.340357432577395,642517.7419354839,35033,9
344,35.031847133757964,16.125493748609568,1249725.7655172416,77500,0
1000,35.294117647058826,16.47306764367235,1995646.2527603307,121146,0
1041,35.294117647058826,9.04845955078513,73048.21395348836,8073,0
306,35.51401869158879,13.648707599598259,702908.4413793103,51500,0
555,35.55555555555556,13.099470779220777,293428.1454545454,22400,0
112,35.61643835616438,14.17193132716204,456421.22032258066,32206,0
297,35.71428571428571,15.392760466119979,1019000.7428571426,66200,0
239,35.71428571428571,10.016881985343854,1066196.9185199998,106440,4
435,36.0,16.74501286529111,500943.8048780488,29916,6
1152,36.065573770491795,15.41330173484326,1831994.2176000003,118858,6
1180,36.07594936708861,15.934729171482003,1516699.392,95182,0
520,36.170212765957444,13.817252587991717,381356.1714285714,27600,6
1023,36.25000000000001,14.329842911703192,1260682.26,87976,0
1324,36.36363636363637,15.479237283784114,1310905.647089109,84688,1
454,36.36363636363637,22.2267218373836,368430.14117647056,16576,9
1186,36.36363636363637,9.554739648988773,1500762.9566666665,157070,4
907,36.36363636363637,11.419788565369325,508911.4576271186,44564,1
528,36.66666666666667,14.599114702964656,162677.93513513517,11143,9
195,36.8421052631579,13.451376057365286,130518.70188461537,9703,6
812,36.8421052631579,19.39432424954518,191887.44412499998,9894,1
1250,36.8421052631579,13.910424702441208,3229152.0799999996,232139,0
934,36.8421052631579,9.416640723706337,1606544.823949367,170607,1
386,37.03703703703704,20.327309263121307,350890.0125,17262,1
1305,37.142857142857146,14.519843228128492,548893.6335529414,37803,4
29,37.16216216216216,15.980249519058754,1819607.0917371442,113866,0
769,37.17948717948718,15.057198552072968,1163364.3317288137,77263,0
1278,37.17948717948718,14.29536626417523,1142900.2374545455,79949,0
1162,37.31343283582089,19.505397771649445,1423074.8106240002,72958,6
106,37.5,9.209851054627384,49493.739567567565,5374,0
997,37.5,16.687552385095792,637013.9371962616,38173,6
321,37.5,21.815793727229018,347154.7255813954,15913,9
1445,37.5,11.269735923685436,48437.325000000004,4298,0
825,37.5,14.590494470470775,52409.056137931024,3592,9
476,37.5,23.016732041449565,25364.43870967742,1102,1
527,37.5,15.434281381144308,144958.77073170734,9392,9
1272,37.5,9.999803560183233,2474661.386842105,247471,9
134,37.5,14.611246849099599,724557.12,49589,4
1040,37.93103448275862,14.867387968419884,1887563.5764705883,126960,6
388,38.095238095238095,15.078324313308123,464563.17209302326,30810,9
90,38.095238095238095,15.783482596700692,934382.169724681,59200,4
911,38.1578947368421,13.462540312029466,3226136.235294117,239638,0
1223,38.46153846153846,17.203972344220478,897032.3219999999,52141,6
1027,38.70967741935484,12.767599977704846,452802.93320930237,35465,4
565,38.70967741935484,6.144460394101527,94170.0,15326,0
370,38.70967741935484,18.35710044341623,292979.323076923,15960,1
622,38.775510204081634,15.122353522605925,1869304.3636363635,123612,0
833,38.888888888888886,19.981351689612012,127720.79999999999,6392,9
554,38.888888888888886,26.495429029671207,693835.7999999999,26187,1
946,38.888888888888886,15.823721952255491,2804216.7094909092,177216,0
95,38.888888888888886,9.380715674899513,1884895.342704584,200933,4
752,38.888888888888886,22.10489684776706,854818.4659999999,38671,9
229,38.93129770992366,15.971129421445127,2237427.462909091,140092,0
964,38.970588235294116,15.6605575110291,2044908.6181176468,130577,0
1363,39.02439024390244,14.787282377481416,2335399.8677227725,157933,6
1117,39.0625,14.873979972804742,1657318.3444897956,111424,6
204,39.13043478260869,18.465027523775678,571474.1368333334,30949,4
593,39.28571428571429,13.323631380869333,882064.3683076925,66203,0
347,39.735099337748345,12.697829320876751,963765.2454545455,75900,0
173,39.75155279503105,12.593574658073518,1144793.717142857,90903,0
48,40.0,15.276237068964319,146178.31251291957,9569,7
898,40.0,9.733203141447861,630215.1702056075,64749,9
913,40.0,7.945176444066066,4001460.993230769,503634,1
71,40.0,1.011911771375552,392255.45523247623,387638,8
348,40.0,15.300017384037794,161828.28387096775,10577,9
1054,40.0,14.362448133152517,2944273.1424,204998,0
600,40.0,12.874383406912553,568816.0076842104,44182,0
940,40.0,3.9639720550263817,32024.930232558138,8079,4
820,40.0,34.81393548387098,22559.430193548393,648,1
626,40.0,9.905318878278191,1293446.4444444445,130581,9
918,40.31007751937985,12.440333576648356,754145.46175,60621,0
563,40.38461538461539,16.069118116205836,503702.57647058816,31346,6
327,40.625,13.784702649863323,1369165.5906976745,99325,0
251,40.74074074074075,8.308892641844963,106129.48571428572,12773,0
914,40.789473684210535,12.960966640764768,2980672.381276596,229973,0
1129,40.816326530612244,14.257808594182675,1897714.3238857142,133100,6
1390,40.90909090909091,16.735048311843006,1566534.402375,93608,1
798,40.90909090909091,16.208515382809978,6629736.629999999,409028,0
34,41.02564102564102,12.171548843155067,520102.45361685916,42731,4
6,41.17647058823529,15.545604442555259,434126.5496627982,27926,4
5,41.17647058823529,7.496272974425916,59970.18379540733,8000,0
396,41.17647058823529,18.544128770247628,310947.9512195122,16768,9
813,41.17647058823529,18.587132930728238,104645.55839999998,5630,9
685,41.17647058823529,12.550433543289259,3389043.7714285715,270034,6
220,41.333333333333336,14.913538487079085,1828280.5102079993,122592,0
966,41.379310344827594,13.23694955347185,5209136.7577777775,393530,0
894,41.61490683229814,13.860190287188077,1407571.6246153852,101555,0
843,41.666666666666664,18.332381837493358,98628.21428571428,5380,1
832,41.666666666666664,13.843801047407718,366957.6343636364,26507,9
529,41.93548387096774,15.658023703688007,227338.84615384619,14519,9
105,42.00000000000001,12.330503551554088,624207.0812903226,50623,0
473,42.10526315789473,18.261364053296237,840150.576,46007,9
158,42.10526315789473,11.990747762351116,121526.22857142857,10135,6
324,42.10526315789473,17.795562064319604,211945.1441860465,11910,1
1366,42.1875,15.748022497975013,1385463.7753043477,87977,6
1135,42.1875,15.61328019412668,2348128.048235294,150393,0
483,42.352941176470594,13.941645797101447,2885920.6799999997,207000,0
417,42.361111111111114,12.301548850574713,856187.8,69600,0
1433,42.3728813559322,12.951142745233689,363719.8928571429,28084,0
32,42.42424242424242,15.836453671860225,766357.66608866,48392,6
147,42.42424242424242,15.409622139507839,1272033.488372093,82548,6
1009,42.553191489361694,12.323122773830889,269777.80376470584,21892,0
971,42.85714285714286,7.5323475517851035,2269549.043785714,301307,4
909,42.85714285714286,12.732823566295533,841907.027027027,66121,1
27,42.85714285714286,13.734377661173541,813075.1575414736,59200,4
1138,42.85714285714286,11.80912098629589,472223.13,39988,0
488,43.05555555555556,12.196813628899836,848898.2285714286,69600,0
1277,43.07692307692308,14.608210666345148,660875.4505454545,45240,6
472,43.35664335664335,11.89030990911106,825187.5076923076,69400,0
1064,43.38235294117647,13.873144670163846,1820323.0584615385,131212,0
908,43.55828220858896,11.704500592056489,1068082.497027523,91254,0
923,43.63636363636364,11.045097405817746,276039.0743661971,24992,0
632,43.75,11.55145410078214,477040.4,41297,0
950,43.75,14.311674557687516,229731.0,16052,1
1236,43.85964912280702,16.9969748300917,1049665.1776071428,61756,6
1144,43.90243902439024,14.61231783493142,2225631.3540740744,152312,6
275,43.939393939393945,15.170989175276114,1074591.5052631577,70832,6
1428,44.067796610169495,12.34234793062874,350917.63636363635,28432,0
961,44.26229508196722,15.519526016015776,2419214.754428571,155882,0
93,44.26229508196722,13.36876018656213,446115.5274255783,33370,6
810,44.44444444444444,14.407543560065395,53725.72993548386,3729,1
775,44.44444444444444,13.99243427206687,1460180.4784615382,104355,6
98,44.44444444444444,9.132580870003375,1835036.8719523882,200933,4
174,44.72049689440993,11.413620276332718,1037498.0831186441,90900,0
364,44.8051948051948,11.604909307875895,972491.3999999999,83800,0
367,44.827586206896555,18.488365356587643,380564.5125,20584,1
1348,44.85294117647059,13.828265936414981,1815250.297739131,131271,0
1099,44.99999999999999,12.553724537146662,4178934.0388235296,332884,0
884,44.99999999999999,10.591222343126587,408800.0,38598,0
177,44.99999999999999,8.485318870936055,1417608.282491803,167066,1
392,45.04504504504504,11.745272293942401,622499.4315789472,53000,0
582,45.16129032258065,4.331290872988585,62985.631875,14542,0
19,45.16129032258065,22.187094186146044,415275.8418820955,18717,6
696,45.238095238095234,4.8017411631937446,91429.95348837209,19041,0
501,45.45454545454546,11.757268516001828,780729.6585365854,66404,0
567,45.45454545454546,15.281493184207834,1263321.0415384616,82670,1
1029,45.52845528455285,14.04512720023427,2142710.56054054,152559,0
588,45.652173913043484,8.895964933264851,194519.16923076924,21866,0
9,45.652173913043484,11.349405209954192,306433.9406687632,27000,6
1119,45.90163934426229,13.627218403300166,1628575.2441599995,119509,6
151,46.0,13.68879372703336,417439.7647058823,30495,6
1319,46.15384615384615,9.952437344020863,2860519.5889811325,287419,1
1022,46.15384615384615,11.430400221035711,964108.5370434781,84346,0
155,46.26865671641791,14.697244656751698,759671.1818181818,51688,6
965,46.34146341463414,10.915267661568416,492125.75778947363,45086,4
57,46.34146341463414,12.33544874929606,806232.5948052411,65359,4
366,46.42857142857143,14.31227515066163,142278.32727272727,9941,9
952,46.42857142857143,12.307302039602762,2683287.2198823527,218024,0
1311,46.51162790697675,10.625287647045754,709705.4630967741,66794,4
1095,46.57534246575342,10.392239098084888,335212.0643478261,32256,0
995,46.666666666666664,9.704254560118663,448627.68831428577,46230,0
1032,46.808510638297875,11.81287475350328,1507700.8305391306,127632,0
513,47.05882352941176,9.74680114289138,1094400.0727272728,112283,9
308,47.05882352941176,14.915757997218357,75071.01,5033,9
221,47.05882352941176,13.107435999355308,2678491.439032258,204349,0
289,47.05882352941176,14.51285871174139,140281.2923076923,9666,1
949,47.22222222222222,9.347794813590992,811257.7206923078,86786,4
152,47.36842105263158,11.851365627932562,122080.91733333333,10301,6
349,47.36842105263158,16.9357300511365,763767.5538461539,45098,9
40,47.36842105263158,16.20474625422833,436620.6830739281,26944,1
742,47.36842105263158,10.522605171384585,334923.99999999994,31829,1
988,47.5,12.01099619834035,293825.0,24463,6
1031,47.53086419753087,11.147876319121087,1039048.9602,93206,0
461,47.55244755244755,10.63492665241238,738063.9096774192,69400,0
693,47.692307692307686,14.803449214619908,850250.9090909091,57436,6
1227,47.74193548387097,11.044137216146746,849327.2843333333,76903,0
1316,47.82608695652174,8.5394787055066,426760.44830769236,49975,1
824,47.82608695652174,16.453005115089514,128662.5,7820,9
246,48.0,12.326876057805737,2495391.1547619044,202435,6
1083,48.12499999999999,11.155311350912205,1124600.4032195122,100813,0
129,48.14814814814815,8.232323303367695,847575.3103448277,102957,4
17,48.14814814814815,21.906099380581118,334068.01555386203,15250,6
498,48.14814814814815,14.062509095809189,208715.75999999998,14842,1
161,48.14814814814815,6.419307636703699,72724.33621621621,11329,0
839,48.14814814814815,21.825481456444923,308830.56260869565,14150,6
296,48.38709677419355,18.425028739002933,405350.6322580645,22000,9
407,48.78048780487805,12.244074305812777,3981981.113513514,325217,0
387,49.044585987261144,11.24633220936868,1171867.8162162164,104200,0
776,49.20634920634921,13.22946463374007,1384688.374819672,104667,6
457,49.358974358974365,10.61863869947084,846305.5043478259,79700,0
1140,49.59349593495935,13.268841111686255,2076348.0636800004,156483,0
1116,50.0,126.83132524456965,1481516.710181818,11681,12
1145,50.0,234.13378383145826,8241743.324651162,35201,5
819,50.0,17.91894736842105,113803.2347368421,6351,9
818,50.0,14.564636622807017,53131.7944,3648,9
806,50.0,18.95409928554003,543849.9708,28693,7
46,50.0,2.1788482893775063,19707.682777419544,9045,11
809,50.0,7.978506923076923,4148.8236,520,1
1104,50.0,5.476413923461719,1093760.3416216213,199722,9
1425,50.0,1292.9181403422583,5263469.749333333,4071,14
861,50.0,20.641639297559315,88263.64963636364,4276,7
1364,50.0,31.135110915351962,2332704.78,74922,14
858,50.0,32.75522120051085,51294.6764,1566,7
1100,50.0,8.338135418810454,1458540.0,174924,4
1014,50.0,12.331462016843323,531412.0241538462,43094,6
552,50.0,14.252012468011305,286607.97073170735,20110,9
821,50.0,6.811089400921659,17402.33341935484,2555,7
556,50.0,22.984917264957268,10343212.76923077,450000,3
1213,50.0,3.557884041505004,140408.33581395348,39464,15
504,50.0,13.642012613106663,1535217.5314285716,112536,15
566,50.0,2.8987800308800824,5826.5478620689655,2010,0
1172,50.0,34.01675373940827,2171867.676,63847,5
512,50.0,10.291981395348836,51459.90697674418,5000,4
254,50.0,8.505569185841123,2166929.8392,254766,1
451,50.0,15.201952817411572,76207.3894736842,5013,1
1209,50.0,18.240787111484057,2112064.258064516,115788,3
1034,50.0,17.178279079507643,67115.53636363636,3907,11
671,50.0,2.9517158293018095,22400.57142857143,7589,4
1038,50.0,74.04005922256343,728406.102631579,9838,13
1073,50.0,11.012929610900427,2137730.7797014927,194111,6
1097,50.0,13.288525534888057,2093540.755393939,157545,6
166,50.0,4.156385966937023,2299354.280769231,553210,4
788,50.0,6.2109554420608815,2495269.9817142854,401753,9
644,50.0,8.099349373852107,2114667.2273684205,261091,1
1243,50.0,13.297884794305654,3160960.407145631,237704,3
44,50.0,82.67156472330389,23396.052816695,283,11
89,50.0,21.531704829160056,3482860.9146407847,161755,11
1265,50.0,28.88036709263681,1028285.4703333336,35605,2
1353,50.0,1.5983610701160782,35485.214117647054,22201,10
938,50.0,4.557438642234224,51166.36363636364,11227,4
431,50.0,111.61453812316715,196441.5870967742,1760,8
829,50.0,8.94406251587979,142022.76868965517,15879,15
42,50.0,14.015116478574212,3174507.9730959306,226506,7
682,50.0,9.767534356599805,626616.6315789473,64153,1
698,50.0,4.662634445689183,64992.461538461524,13939,0
365,50.0,13.501124994966915,11065211.52,819577,3
865,50.0,14.19335631265972,144403.207125,10174,9
868,50.0,13.93983991111111,836390.3946666665,60000,9
675,50.0,173.13106670127178,667074.0000000001,3853,5
383,50.0,13.099550061184148,357853.50857142854,27318,15
538,50.0,4.438035,44380.35,10000,10
541,50.0,6.646713142266979,17161.81333333334,2582,4
1269,50.0,27.78331307676682,1566645.4577727274,56388,3
984,50.0,2.027664204353337,434431.1111111111,214252,12
288,50.0,13.055822738707299,140128.14545454545,10733,1
597,50.0,6.827679752266969,1293333.2370731707,189425,9
1247,50.0,44.00991517208635,3075236.832564706,69876,2
47,50.0,25.877433765676198,819434.8176239025,31666,11
535,50.0,22.624525,339367.875,15000,3
621,50.0,367.8725217054263,142366.6659,387,8
99,50.0,15.135751763998748,34206.79898663717,2260,6
539,50.0,39.235641547861505,57794.1,1473,1
425,50.0,5.976467055320671,1212200.8363636364,202829,15
418,50.0,13.585946012404033,1170021.6705882354,86120,1
186,50.0,10.97446777163904,17877.407999999996,1629,10
165,50.0,18.784109320798215,72825.99183673468,3877,15
895,50.0,10.254052936504213,564865.0141132076,55087,0
1189,50.0,13.400900359201751,1316129.2260779224,98212,6
50,50.0,25.84753359930231,121431.71284952226,4698,7
455,50.0,17.28867412304741,504690.975,29192,3
479,50.0,15.322748634198982,673511.4162162163,43955,9
1118,50.0,7.069658538455456,190357.6258064516,26926,12
1141,50.0,9.078909749356715,190530.0,20986,8
196,50.0,9.32180130200164,377821.9285714285,40531,1
436,50.0,7.02165593715278,109355.2695652174,15574,4
1114,50.0,0.49056699674160664,31793.647058823528,64810,7
74,50.0,0.9214635410242445,357194.2841155561,387638,8
575,50.0,6.15387483542879,204105.56666666668,33167,13
1173,50.0,34.25274102263178,448402.6327272727,13091,5
330,50.35971223021583,10.431896538461539,678073.275,65000,0
996,50.63291139240506,10.47258272945216,813007.5424528301,77632,0
1237,50.74626865671642,11.985259353042785,512429.76363934425,42755,6
141,50.76923076923077,11.510408526647169,515539.6875,44789,6
1279,50.847457627118644,13.367552804164156,865455.4711999999,64743,6
762,50.877192982456144,9.986586754132187,535790.365945946,53651,0
1232,50.943396226415096,12.575916983491842,2280365.874782609,181328,0
929,51.13636363636363,12.507139471522295,2496775.2384210527,199628,0
1307,51.21951219512195,10.441657897950272,689285.1628173913,66013,4
901,51.282051282051285,10.849702553606239,1168838.4561,107730,0
35,51.282051282051285,9.933079897578738,413384.9860975343,41617,4
650,51.33333333333333,10.407777499259394,782956.2857142857,75228,0
178,51.35135135135135,10.976947093526194,256772.74641176473,23392,6
61,51.42857142857143,11.697363280206597,452524.1958580724,38686,4
143,51.5625,11.38202240826479,456248.3682352941,40085,6
702,51.851851851851855,5.823418180104502,141223.7142857143,24251,0
261,51.89873417721519,10.442557061027303,937428.347368421,89770,0
389,52.10084033613445,9.782881133560746,559238.4,57165,0
744,52.17391304347826,7.646075408083551,371920.4000000001,48642,1
900,52.348993288590606,10.573164676879072,1180208.3607272727,111623,0
875,52.38095238095239,8.195396593856156,1456387.5379009899,177708,4
654,52.4390243902439,9.91033629073823,435162.86652631575,43910,0
403,52.57731958762887,8.539358748778103,422698.2580645161,49500,0
781,52.631578947368425,7.969305210117805,1020421.7163243243,128044,4
491,52.77777777777778,10.291566643566643,685418.3384615384,66600,0
197,52.94117647058824,9.589693166460023,986357.4803294122,102856,9
1091,52.94117647058824,8.053929656596997,1879312.0,233341,4
468,53.125,11.112789999999999,444511.5999999999,40000,6
951,53.125,12.285390134391774,1276746.8843265306,103924,6
495,53.191489361702125,8.35949240761478,397075.8893617021,47500,0
852,53.333333333333336,13.72128953703704,148189.92700000003,10800,9
207,53.333333333333336,9.408583839518556,938035.8088000001,99700,9
322,53.42465753424658,7.907274440161695,293225.45806451613,37083,0
578,53.48837209302326,9.09383314375297,654701.4233513514,71994,4
1080,53.57142857142857,12.166886191246409,2519944.6335,207115,0
153,53.57142857142857,10.580317023270041,170258.4615384615,16092,6
1039,53.6231884057971,7.60536347580695,229461.42142857148,30171,0
1131,53.65853658536585,9.381075856947513,238870.3345454545,25463,6
1082,53.84615384615385,12.764362108532998,732597.7988571429,57394,6
21,53.84615384615385,17.01172112573387,119813.55188854366,7043,6
58,53.84615384615385,9.0924758889393,758121.5471438698,83379,4
1084,53.96825396825397,12.663489873433743,1556621.5022222225,122922,6
991,54.16666666666667,9.426115845167873,544933.1831249999,57811,0
442,54.16666666666667,10.276160810252172,727552.1853658537,70800,0
201,54.21686746987952,10.851503037659556,2383076.87909434,219608,0
426,54.32098765432099,10.200234893311816,1034303.8181818181,101400,0
323,54.54545454545455,11.705096567783741,3303178.2514285715,282200,0
168,54.80769230769231,11.98466394418402,2198706.4472000003,183460,0
1375,54.83870967741936,11.028550033132506,1271459.4762197803,115288,6
880,54.91803278688525,10.831975110412701,1708451.6103396225,157723,0
1037,55.0,5.57354824618879,49075.0923076923,8805,0
1002,55.0,7.794453426129346,1262459.826976744,161969,1
39,55.0,12.691209765135955,820093.2838133203,64619,6
612,55.128205128205124,9.879579451451285,761270.9946315788,77055,0
926,55.172413793103445,6.347116821433926,165234.4922123894,26033,0
957,55.4054054054054,10.191126317209454,1133202.2908421052,111195,0
994,55.4140127388535,10.195177408305282,1105075.669641026,108392,0
384,55.55555555555556,11.85824592074592,162790.0,13728,6
845,55.55555555555556,14.602620784883719,12558.253874999999,860,1
139,55.55555555555556,9.589515336664961,543044.6640000001,56629,9
1107,55.88235294117647,10.883622003533755,2003653.0436065572,184098,0
960,55.93220338983051,8.584979611314589,481935.00044036703,56137,0
210,55.94405594405594,9.900142062976789,705365.3217029703,71248,0
470,56.0,12.740321211560929,313641.2275862069,24618,9
1086,56.25,12.994532980310153,1870861.8967741935,143973,6
1128,56.25,12.534258710643563,735798.5890909091,58703,6
1130,56.36363636363637,11.394694816939683,3193078.3550769226,280225,0
20,56.493506493506494,9.841677174577756,1085261.4253950382,110272,0
866,56.666666666666664,13.010939099665816,132373.2944,10174,9
571,57.142857142857146,7.423025895311836,355963.7837837838,47954,0
906,57.142857142857146,10.008716285404422,396835.59199999995,39649,4
128,57.142857142857146,7.842183431607215,805972.5599999999,102774,4
725,57.142857142857146,4.282906664732759,59057.000000000015,13789,0
1435,57.142857142857146,4.956484726262894,47344.34210526316,9552,0
1093,57.35294117647059,10.783391983307792,513052.2237818181,47578,6
1194,57.37704918032787,10.381822140013549,371970.3054545454,35829,6
1191,57.4468085106383,10.299843064055768,1979135.444444444,192152,0
720,57.5,4.279526510189075,77895.94153846154,18202,0
779,57.69230769230769,7.53190386153045,851105.1363529409,113000,4
1005,57.77777777777778,7.800891803505136,205358.4767272727,26325,6
1383,58.064516129032256,9.795513964897545,1034523.8208607595,105612,0
303,58.064516129032256,10.504448275862067,167545.94999999998,15950,1
711,58.064516129032256,4.151505088138798,63991.29942857143,15414,0
343,58.064516129032256,13.660622727272727,300533.7,22000,9
493,58.18181818181819,11.189111995536544,3166518.694736842,283000,0
919,58.33333333333333,6.564574371701449,205031.35135135133,31233,0
709,58.33333333333333,4.67847285443852,107918.33333333334,23067,0
490,58.38509316770186,9.737860465116277,963074.3999999998,98900,0
352,58.59375,9.483133984028393,1374106.1142857142,144900,0
160,58.62068965517241,9.936276266492914,156854.05714285714,15786,1
315,58.62068965517241,12.734426678348482,262889.50434782606,20644,1
410,58.64661654135339,8.782699025294333,563085.1826086956,64113,0
998,58.715596330275226,10.134559658902038,1758133.2750666665,173479,0
889,58.74125874125874,9.29846592450357,1172322.6883636366,126077,0
149,58.82352941176471,10.071002842952382,824623.7837837839,81881,6
838,58.82352941176471,13.635046634477717,251075.7487272727,18414,9
917,58.97435897435898,9.757820141218504,2319453.363207921,237702,0
497,59.090909090909086,15.492983519325994,119791.74857142859,7732,9
573,59.25925925925926,4.573084345677416,108908.00369230767,23815,0
184,59.42028985507246,6.625195604089485,226389.5589873418,34171,0
124,59.49367088607595,7.05110389102012,270191.25,38319,0
450,59.868421052631575,9.043924977753438,1056981.5999999999,116872,0
379,60.0,7.025304612798149,53919.212903225794,7675,1
635,60.0,4.735531627351868,33726.45625,7122,0
503,60.0,10.168476804350588,109433.14736842104,10762,7
1195,60.0,9.782907106220165,161144.04585365855,16472,6
69,60.0,0.6884852213079727,266883.0342173799,387638,8
481,60.256410256410255,9.713641564551493,1013074.5333333333,104294,0
986,60.3448275862069,9.609209908429209,327405.0,34072,6
999,60.40268456375839,9.046501448947248,1027501.6345714285,113580,0
542,60.41666666666667,8.496959432683282,568446.5860465115,66900,0
311,60.60606060606061,7.553967000000001,377698.35000000003,50000,0
978,60.869565217391305,10.53413562796653,2722979.252608696,258491,0
52,60.8974358974359,9.250023153493565,985340.216379595,106523,0
1260,60.9375,8.838305694429254,764115.7188118811,86455,6
397,61.11111111111111,9.03312860868807,488339.96571428573,54061,9
414,61.11111111111111,7.593352254227506,276299.3084745763,36387,1
1352,61.19402985074627,9.90513508467909,423494.0505454545,42755,6
749,61.29032258064516,9.703943872439893,348720.927,35936,4
887,61.36363636363637,8.354743104715368,582776.7505263158,69754,4
439,61.40350877192983,12.33679895422182,767410.5789473683,62205,6
336,61.44578313253012,7.134306976744187,306775.20000000007,43000,0
430,61.53846153846153,11.892630091588437,284447.9265306122,23918,9
63,61.53846153846153,9.081085154405514,377927.5208708943,41617,4
185,61.53846153846153,8.751524466192171,737753.5125,84300,0
478,61.53846153846153,12.753239778793594,398959.6,31283,4
515,61.65413533834587,8.453752515090542,540194.7857142857,63900,0
1325,61.904761904761905,7.6634090592564315,1189184.8275882353,155177,1
689,61.904761904761905,11.32940440144121,129631.04516129031,11442,6
241,61.904761904761905,7.164044912951624,372523.1714285715,51999,1
494,62.06896551724138,8.146646853146853,593075.8909090909,72800,0
94,62.121212121212125,5.6088899823851515,165288.37889090803,29469,0
1429,62.19512195121951,6.8610027248461485,277603.03125,40461,0
1025,62.264150943396224,9.38560104931391,488370.36500000005,52034,4
351,62.295081967213115,7.853247504583418,462619.104,58908,0
415,62.5,7.018492479268204,290067.2756756756,41329,0
59,62.5,9.376758335642863,762677.3927461836,81337,1
372,62.5,7.2387454175152754,355422.4,49100,0
2,62.5,4.981872570530059,26782.546939169595,5376,0
1228,62.5,8.972176943702996,1458418.3900219782,162549,6
805,62.5,9.365329687500001,29969.055,3200,1
1423,62.5,5.413111560978279,98935.44,18277,4
252,62.5,5.753426502326027,24820.281931034482,4314,0
237,62.5,8.757363463993494,886788.1390909093,101262,9
1051,62.71186440677966,5.089132577624445,144561.9,28406,0
885,62.857142857142854,9.439697208828473,384167.35730769235,40697,4
883,62.96296296296296,9.831526286974224,3926033.223703704,399331,0
378,63.15789473684211,8.859891279232386,312231.4285714285,35241,9
222,63.15789473684211,10.539058393886423,125783.66193103445,11935,1
256,63.333333333333336,3.8833147620043,65022.222375,16744,0
669,63.63636363636363,10.53202600671141,50216.700000000004,4768,1
1420,63.63636363636363,12.796436160606289,1216672.3537142854,95079,1
704,63.63636363636363,4.023316038799909,68597.53846153845,17050,0
1149,63.63636363636363,10.750013496717576,3160396.4679,293990,6
614,63.63636363636363,7.4925628890865195,1387622.6470588234,185200,4
990,63.63636363636363,7.667589754502087,635942.2266486486,82939,6
801,63.63636363636363,8.116224972954894,3931304.5875,484376,0
1133,64.17910447761194,7.226737548105883,594774.9536842104,82302,6
1400,64.28571428571428,6.545290338010203,138550.70587499999,21168,4
584,64.34108527131784,8.502668478206264,1171718.7323076923,137806,0
764,64.46280991735537,7.39136630852816,430968.3953513514,58307,0
310,64.51612903225806,12.84598768328446,282611.7290322581,22000,9
273,64.58333333333333,8.327494844846628,1168722.264,140345,6
1109,64.61538461538461,6.917151446642767,706870.623483871,102191,6
25,64.61538461538461,7.023911088025351,725471.6806377864,103286,6
610,64.70588235294117,9.627788160115747,290374.09090909094,30160,1
56,65.0,8.795038405699339,528476.2677216618,60088,4
462,65.21739130434783,12.92826360286148,119276.16,9226,9
346,65.38461538461539,9.590388198960111,169836.1846153846,17709,1
380,65.40880503144655,7.743231578095931,736381.323076923,95100,0
972,65.45454545454545,9.535592931618792,2690486.6168421055,282152,0
748,65.45454545454545,6.737981609525774,220776.70541772153,32766,6
1046,65.51724137931035,8.146774900192927,1640353.126153846,201350,0
920,65.60509554140128,8.07276256183132,691214.1488316831,85623,0
181,65.625,7.866737514603846,1170798.6775609758,148829,0
1356,65.6441717791411,7.840158241372886,715437.96,91253,0
992,65.67164179104478,10.770270662160323,554485.8444999999,51483,6
133,65.85365853658536,8.331562195819107,539243.7000000001,64723,4
1380,65.88235294117646,8.061337453064358,1644746.619211268,204029,0
471,66.07142857142857,8.045745098039216,1367776.6666666667,170000,0
264,66.15384615384616,7.127242253034772,596265.086888889,83660,6
398,66.15384615384616,7.4029186247835765,460461.53846153844,62200,0
208,66.66666666666667,6.330811816408175,233632.27927272726,36904,3
967,66.66666666666667,8.51334943081771,1015319.0798181818,119262,1
953,66.66666666666667,7.8248618263474485,4411516.250181817,563782,1
127,66.66666666666667,6.895889353539034,186678.6206896552,27071,4
319,66.66666666666667,12.64142343960485,165602.64705882352,13100,9
958,66.66666666666667,7.914463707454486,1858466.453320755,234819,1
944,66.66666666666667,2.4102276952676043,939123.5294117646,389641,12
1061,66.66666666666667,9.053179004721363,400313.46923076926,44218,11
660,66.66666666666667,10.12192509638333,55134.126000000004,5447,1
547,66.66666666666667,13.466306811166676,321885.1317073171,23903,3
1103,66.66666666666667,17.149204797963193,409917.4422857142,23903,7
243,66.66666666666667,0.9673720856121966,539036.1714285713,557217,8
281,66.66666666666667,19.606622946632744,565886.3514857142,28862,2
68,66.66666666666667,0.6795298208356595,331225.259159388,487433,8
1442,66.66666666666667,6.088841526334691,606089.3743728815,99541,9
1058,66.66666666666667,7.587676337150942,639990.1483333333,84346,0
715,66.66666666666667,4.141340523597682,95884.45714285714,23153,0
1203,66.66666666666667,6.75692729083012,936523.6363636364,138602,4
1411,66.66666666666667,4.167557697488551,37970.61818181819,9111,0
374,66.66666666666667,6.255207314285713,2189322.5599999996,350000,4
1096,66.66666666666667,4.502434427280061,377177.9368421053,83772,8
193,66.66666666666667,8.052912362504497,49952.215384615396,6203,6
878,66.66666666666667,7.641721555777459,315152.2386818182,41241,4
899,67.08860759493672,8.038467691331853,1808767.7690973454,225014,0
333,67.1875,7.382653369651173,442220.9368421053,59900,0
452,67.19999999999999,7.654377220997704,1187193.9069767438,155100,0
1328,67.27272727272728,8.606211799910508,2408362.3100869562,279840,0
233,67.27272727272728,4.189245880070985,105313.45217910448,25139,0
1198,67.3076923076923,7.62709054233442,649553.5389473685,85164,0
328,67.36842105263158,6.973407485875707,329144.8333333334,47200,0
882,67.46987951807229,6.490049306389393,254040.0,39143,0
580,67.51592356687898,7.212413474850023,750206.4,104016,0
930,67.64705882352942,9.08791891762681,190092.0,20917,6
777,67.85714285714286,5.898091609038241,623965.0094117646,105791,4
981,67.85714285714286,7.815374786470601,1305597.4349538463,167055,0
1007,68.11594202898551,7.520576263192343,315360.3244444445,41933,6
674,68.18181818181819,7.32439726104558,1096491.5675675676,149704,1
1196,68.18181818181819,6.658691747813267,380883.82666666666,57201,1
355,68.26923076923077,7.8666133333333335,1435656.9333333333,182500,0
684,68.29268292682927,8.04464586708292,1226575.2,152471,6
358,68.35443037974683,7.316317821580978,568477.894736842,77700,0
678,68.42105263157895,7.972747680176422,486154.23529411765,60977,9
1124,68.42105263157895,7.330110400496508,1123698.5942857142,153299,4
1044,68.50393700787401,7.1538276086142,1077888.6672727272,150673,0
705,68.51851851851852,3.9498241897902995,93235.60000000002,23605,0
290,68.65671641791045,9.603310111916752,496798.43870967743,51732,6
980,68.75,5.696209216720214,198336.30871698112,34819,1
148,68.75,7.808602090128129,1363389.7335384614,174601,6
1164,68.75,10.672788967351375,2662401.9174285717,249457,6
933,68.75,11.242197851520295,95839.73668421051,8525,6
659,68.9655172413793,8.321101699248377,127362.78260869566,15306,1
1422,69.23076923076923,5.96811190922179,118622.1923076923,19876,4
271,69.23076923076923,7.38022987673057,527103.398025974,71421,0
665,69.23076923076923,4.315217759649539,37857.40540540541,8773,1
855,69.23076923076923,9.50554634427684,459117.8884285714,48300,6
811,69.23076923076923,11.432304550647371,55423.81246153846,4848,9
598,69.23076923076923,5.888983836135074,404579.0785263157,68701,9
1333,69.23076923076923,6.665711877526713,208743.43315662653,31316,6
897,69.33333333333334,6.461197197562702,244071.72413793104,37775,0
1178,69.56521739130434,6.952257021129833,925150.7463157892,133072,0
1392,69.56521739130434,7.375991184715707,561703.8566896552,76153,1
353,69.62025316455696,7.178162487462387,715662.8,99700,0
729,69.69696969696969,3.681849912739965,63291.0,17190,0
778,70.0,9.447531913715283,1023536.1599999999,108339,1
1165,70.0,5.529031374268863,160292.1485714286,28991,6
325,70.24793388429752,7.249417905405405,429165.54,59200,0
320,70.3225806451613,7.085465068302202,747516.5647058823,105500,0
234,70.37037037037038,7.704361147920509,1380367.2737894738,179167,0
1003,70.44025157232704,7.181466075098233,680451.0920816327,94751,0
265,70.49180327868852,6.525688808121548,776335.094746988,118966,6
216,70.54263565891472,7.136491422093393,978163.1967692309,137065,0
258,70.62937062937063,7.311207102754228,520733.4146865671,71224,0
1280,70.73170731707317,7.559684219560164,604018.769142857,79900,4
307,70.96774193548387,10.411741300275427,113206.86315789472,10873,9
511,70.96774193548387,10.3152424256484,127042.52571428569,12316,9
639,70.96774193548387,3.533293024779117,51317.547891891896,14524,0
41,70.96774193548387,6.353287319370333,596319.5477960994,93860,6
1166,71.1864406779661,8.345427859058193,532196.28,63771,6
1410,71.42857142857143,10.572403777709853,121836.38113432835,11524,6
536,71.42857142857143,13.16960018122098,25838.755555555563,1962,1
841,71.42857142857143,12.121148767605634,68848.125,5680,6
1220,71.42857142857143,4.365568304369381,1664246.3145599999,381221,9
423,71.42857142857143,9.028582842305003,8748.696774193548,969,1
1427,71.42857142857143,7.396568138408304,1336005.1199999999,180625,0
1406,71.42857142857143,6.316922894247235,862398.947368421,136522,4
1321,71.42857142857143,7.493631290970657,2772823.4248101264,370024,1
1068,71.62162162162161,6.940330150079964,783951.9324324324,112956,0
253,71.63120567375887,7.2631634288507,478693.3121052631,65907,0
1102,71.875,6.3962999742353635,557674.2058536586,87187,6
607,72.05882352941177,4.969354311557789,173057.76390000002,34825,0
360,72.22222222222223,7.221932395644284,502646.49473684217,69600,0
544,72.22222222222223,5.543015368746778,614166.1028571429,110800,9
474,72.41379310344828,10.898149935966899,110627.11999999998,10151,9
205,72.5,6.928695926315139,416317.62342857145,60086,4
945,72.72727272727273,8.548394191174742,2841888.003673469,332447,6
525,73.07692307692308,11.747286370658696,106453.9090909091,9062,9
1134,73.17073170731707,7.7724891661109154,1188771.128,152946,6
723,73.33333333333333,6.945283187550649,1111509.2307692308,160038,0
968,73.38709677419355,6.614907366794247,1018689.1195789472,153999,0
391,73.41772151898735,7.092012811829131,617763.9600000001,87107,0
385,73.52941176470588,11.568569711538458,213231.87692307687,18432,9
507,73.64341085271317,7.005215703006417,428375.94545454544,61151,0
601,73.6842105263158,7.5688610524882565,90145.13513513513,11910,1
284,73.6842105263158,6.096899660743124,1403866.018983051,230259,1
681,73.6842105263158,8.448043944663711,353643.5675675676,41861,9
1071,73.6842105263158,7.019089863774107,72893.2482352941,10385,6
142,73.84615384615384,6.699583824484591,303812.72727272724,45348,6
1190,73.84615384615384,6.181493318163364,246066.70451612902,39807,6
230,73.91304347826087,3.925027417585962,40561.23333333333,10334,0
480,74.0,5.157235294117647,154717.0588235294,30000,6
267,74.07407407407408,6.42123988752372,463568.57119999995,72193,1
1389,74.07407407407408,6.979523854069224,119377.776,17104,1
652,74.19354838709677,6.531181388532005,985470.3661714286,150887,0
557,74.19354838709677,11.660741447368421,221554.0875,19000,9
460,74.28571428571429,10.3824348747699,186125.90999999997,17927,9
198,74.35897435897436,7.367946210433203,1208041.0927164175,163959,6
910,74.60317460317461,8.186323362307808,491965.28878125,60096,6
250,74.63768115942028,6.06760846277108,799164.7106315789,131710,0
518,75.0,7.007565019982681,3890901.424390244,555243,9
1127,75.0,5.783230967299408,503898.6974117647,87131,6
37,75.0,6.778941817868103,360165.1787833323,53130,4
182,75.0,8.793103448275863,8986.551724137931,1022,1
716,75.0,4.980938324612013,185614.66666666666,37265,0
1322,75.0,5.3798332612129744,895683.0598260869,166489,1
1158,75.0,3.9614703367000854,1167888.9929032256,294812,9
638,75.0,3.755463357761492,29668.160526315787,7900,0
329,75.0,3.470198957335887,10872.133333333333,3133,1
1035,75.0,9.387736771774188,136920.14081632654,14585,6
1168,75.0,6.907995287281976,3986610.988285715,577101,6
286,75.0,7.650056931649696,251235.5196923077,32841,4
1047,75.0,4.180625253316532,1057497.5190769234,252952,9
101,75.0,7.960702185517669,150138.84321886324,18860,6
703,75.3623188405797,4.207273674160228,145415.99999999997,34563,0
393,75.40983606557377,6.956129571577847,413194.0965517241,59400,0
595,75.40983606557377,6.84507717824217,1850997.855,270413,0
631,75.47169811320755,3.6727750818000255,86431.416,23533,0
1028,75.47169811320755,6.765232596029311,550622.2809908256,81390,0
136,75.51020408163265,6.0071664275889765,339206.66666666674,56467,4
931,75.60975609756098,7.2565062224756005,1567768.1693658535,216050,0
756,75.60975609756098,5.936233480210265,263283.8273142857,44352,4
947,75.77639751552795,6.335286863329295,580496.0,91629,0
643,75.83892617449663,6.047764401049415,670811.9796000001,110919,0
1066,76.06837606837607,6.548102706711161,365384.1310344828,55800,0
1408,76.19047619047619,6.824336075875128,196267.90554216868,28760,1
1393,76.19047619047619,6.290746442497595,955564.3846153847,151900,1
985,76.27118644067797,5.101400620249171,177314.4827586207,34758,6
956,76.5625,5.131103118547026,442131.7624158416,86167,6
618,76.5625,6.397701869479957,947064.603142857,148032,0
1055,76.58227848101265,6.4587492369551995,560063.9813333332,86714,0
172,76.66666666666667,5.8130161182690845,705932.6774025976,121440,6
412,76.7741935483871,5.595649090909091,615521.4,110000,0
371,76.92307692307692,5.970870613002408,33162.215384615374,5554,1
102,76.92307692307692,6.947523589890838,110298.88451310694,15876,6
510,76.92307692307692,9.744019415231712,44637.35294117647,4581,9
1403,76.92307692307692,5.444935084803516,427089.8181818182,78438,4
646,77.04918032786885,6.531181919743716,383595.90769230766,58733,0
905,77.14285714285714,7.627108682116915,302399.60502857144,39648,4
214,77.30061349693251,6.31734667378657,576603.1829565216,91273,0
1193,77.41935483870968,4.425293478294887,471342.43366666674,106511,6
713,77.41935483870968,3.383873973151672,50666.74499999999,14973,0
334,77.5,6.399189650302243,365393.7290322581,57100,0
1246,77.61194029850746,6.740938910054559,339251.2325263158,50327,6
969,77.65957446808511,6.7133776306523085,1300535.6547428572,193723,0
225,77.77777777777777,4.907971582794539,1062703.4549361703,216526,4
1036,78.125,6.7688464062364115,366918.85714285716,54207,6
603,78.26086956521739,8.768833753728638,254848.61538461538,29063,9
1053,78.37837837837839,6.715152860358543,144926.42903225808,21582,6
1049,78.39506172839506,5.563964362884053,525232.6718918917,94399,0
628,78.48101265822785,4.284050789283433,174386.57142857142,40706,0
135,78.57142857142857,5.321185938452817,354029.1428571428,66532,4
948,78.57142857142857,7.084762580602562,144330.7832920354,20372,1
405,78.84615384615384,6.332931652289315,520566.9818181817,82200,0
146,78.84615384615384,4.9464956755144645,156378.51428571428,31614,6
183,78.98550724637681,5.392310870088236,714578.2518823529,132518,0
302,79.16666666666666,6.279900411795334,358582.3135135136,57100,0
916,79.4392523364486,6.3632359268759355,329475.6298217822,51778,0
922,79.5275590551181,5.988468307257304,881532.4771698115,147205,0
226,79.6875,4.2490769244732505,315196.5262574257,74180,6
413,80.0,5.5170860570119284,81868.04000000001,14839,15
1159,80.0,6.661028909601837,4472927.540000001,671507,6
939,80.0,2.82790382046163,22767.453658536582,8051,4
662,80.0,6.073034193843377,77595.15789473683,12777,1
51,80.0,0.6651018714006411,257818.75922600174,387638,8
731,80.0,3.177692937273026,92626.57142857143,29149,0
799,80.0,0.7864338188506251,414789.5755102041,527431,0
860,80.0,1.6874504690431518,20686.455299999998,12259,7
893,80.0,5.396822409790544,254681.44634042558,47191,0
278,80.43478260869566,6.814766049295188,1009273.6666666666,148101,6
270,80.76923076923077,4.475807795332519,133280.60452941174,29778,6
1214,80.76923076923077,7.168110847290798,1400914.0796619717,195437,6
574,80.83333333333333,5.792761594971062,326381.56654545455,56343,0
570,80.85106382978724,6.521319612450729,1259931.9917647059,193202,0
200,80.95238095238095,6.225976552156834,890893.6627777779,143093,1
245,81.13207547169812,5.552992975448454,491362.1364255319,88486,0
733,81.13207547169812,5.154476088332258,499618.2127659574,96929,0
316,81.25,4.082795671546786,320703.60000000003,78550,9
400,81.25,10.188536111830185,196791.57500000004,19315,9
424,81.25,7.684845752076053,249964.9777777778,32527,9
361,81.25,9.642359346642468,127510.56,13224,9
877,81.25,7.459559693837291,59706.31578947368,8004,6
1122,81.25,4.188064606487474,353326.0705263158,84365,6
427,81.25,9.931870450589349,141717.85945945943,14269,9
642,81.42857142857143,3.1497363944946626,95755.13612903224,30401,0
1056,81.5068493150685,6.077401238176536,443395.03953488375,72958,0
313,81.64556962025316,4.969774262245209,515862.56842105265,103800,0
1339,81.6793893129771,5.464788658309403,767737.2290285714,140488,0
1315,81.81818181818181,5.303143883213572,439041.9789473684,82789,1
773,81.81818181818181,5.065972277293744,472721.07111111115,93313,4
132,82.05128205128204,5.14815661548828,427853.0,83108,4
1416,82.05128205128204,4.04412986541941,166763.73913043478,41236,4
1331,82.14285714285714,6.240501174695643,1067175.6248823525,171008,0
137,82.14285714285714,4.730782670987016,302883.6297272727,64024,1
741,82.14285714285714,3.49100158982512,48961.29729729731,14025,0
190,82.17054263565892,5.245660946535374,718865.3761132075,137040,0
1188,82.25806451612902,4.586890532671986,170155.29119999998,37096,6
1151,82.35294117647058,6.164774295795706,1649299.0559999999,267536,6
138,82.35294117647058,5.153060601703445,609251.508,118231,9
523,82.35294117647058,3.5149625451661235,34186.525714285715,9726,1
1170,82.53968253968254,5.808277336356561,345453.1028571428,59476,6
443,82.58064516129032,4.7377759021406725,516417.5733333333,109000,0
36,82.6923076923077,4.845694754973315,257451.76233173223,53130,4
429,82.75862068965517,8.448523546170604,100824.68,11934,9
558,82.8125,3.962425124559144,353903.99999999994,89315,6
694,83.09859154929578,3.066354679040724,93870.3157894737,30613,0
298,83.33333333333334,5.008647082413553,198046.9142857143,39541,1
416,83.33333333333334,8.436403446814522,59721.299999999996,7079,9
634,83.33333333333334,0.565978125,2263.9125,4000,0
661,83.33333333333334,3.2988315904432777,24500.422222222223,7427,1
1065,83.33333333333334,6.248915547986376,75936.82173913044,12152,6
896,83.33333333333334,5.429272520956079,1333630.2142300885,245637,0
477,83.33333333333334,10.21424677002584,220627.73023255815,21600,9
604,83.33333333333334,2.1994483879613695,18613.93170731707,8463,0
710,83.33333333333334,2.8243153809004236,34140.32432432432,12088,0
262,83.33333333333334,4.064793713759499,84563.96842105262,20804,1
1154,83.33333333333334,5.002609057202581,1311463.9799999997,262156,4
1217,83.56164383561644,5.554678061823369,405735.90434782614,73044,0
1045,83.60655737704919,4.095533882011027,137323.25106382975,33530,6
295,83.76623376623377,5.501353255856852,458812.86153846147,83400,0
1357,83.78378378378378,5.712781848459617,123498.91799999999,21618,6
1177,83.87096774193549,5.73133674101611,117171.44833333335,20444,6
1221,84.0,3.692450622806414,107310.0,29062,6
732,84.28571428571429,5.432760072356971,359578.0909090908,66187,0
260,84.39716312056737,4.71505977788508,598741.8658947368,126985,0
976,84.55284552845528,5.342800075082468,317885.91886725667,59498,0
65,84.61538461538461,4.8383555612959634,257061.83097165453,53130,4
1060,84.61538461538461,3.932760257874315,282395.78307692305,71806,1
144,84.61538461538461,5.788552733830075,333843.2018181819,57673,6
915,84.70588235294117,6.509032838413338,1335269.5055049506,205141,0
722,84.72222222222223,2.7654953198812846,87486.44444444444,31635,0
719,84.7457627118644,2.7590875436307867,78256.0,28363,0
1206,84.84848484848484,3.8055053923713404,380345.041945946,99946,6
763,84.84848484848484,6.024499587889444,328919.604,54597,6
616,84.86842105263158,4.68580908690568,552053.9117647058,117814,0
596,85.0,3.2642207581311187,60303.21428571428,18474,0
1085,85.0,5.233853473030851,305536.66419512196,58377,0
629,85.0,3.6565596400936897,149315.61290322582,40835,0
655,85.18518518518519,5.341331161403183,1188093.6555555556,222434,0
630,85.18518518518519,4.6455611023530095,433988.3181818182,93420,0
240,85.18518518518519,5.015017698760666,558191.5299428571,111304,4
735,85.3658536585366,5.2179196941928385,812988.4137931035,155807,0
274,85.5072463768116,4.824299205634782,203652.96666666667,42214,6
581,85.71428571428572,3.3395691812967145,76850.166,23012,4
282,85.71428571428572,3.117068895652174,89615.73075,28750,6
613,85.71428571428572,5.0573377120963325,6599.825714285714,1305,1
871,85.71428571428572,12.210631911057694,18755.530615384618,1536,1
657,85.80645161290323,4.398408591920966,479738.8235294117,109071,0
718,85.96491228070175,2.5471977956320333,65885.81818181818,25866,0
1368,86.36363636363636,4.731768499788018,941797.0068923078,199037,1
758,86.36363636363636,3.772916411385538,177353.48174999998,47007,4
663,86.36363636363636,3.5928855096568344,205473.5294117647,57189,1
255,86.45833333333333,4.757673688978611,233497.10930769227,49078,0
140,86.56716417910448,5.168231984706118,258514.96387500002,50020,6
925,86.60714285714286,5.160478081058726,280755.81,54405,0
803,86.66666666666667,5.8935454078454095,1078436.3,182986,0
359,86.66666666666667,9.346635081782289,46032.177777777775,4925,9
1063,86.66666666666667,4.867935156181522,283104.5048780488,58157,0
224,86.88524590163934,5.252879065828727,1430243.4062857144,272278,0
1123,86.88524590163934,3.5116745780833796,326564.6657142858,92994,6
456,87.09677419354838,9.497178674724799,134147.64878048777,14125,9
699,87.11656441717791,4.25542303777874,399005.48571428575,93764,0
1407,87.17948717948718,5.046924591604481,419606.3574705881,83141,4
589,87.23404255319149,3.246693406806776,991111.6029090908,305268,0
175,87.24832214765101,4.248262668928844,474254.80304587155,111635,0
217,87.27272727272728,4.210661638165376,1191389.8678723404,282946,0
717,87.3015873015873,2.612553061314596,75309.45454545454,28826,0
586,87.5,5.008100054132344,833918.772413793,166514,9
293,87.5,8.36676907790143,3413641.7837837837,408000,6
466,87.5,9.454527407407408,212726.86666666667,22500,9
579,87.5,1.7098310307158464,13304.19525,7781,0
1371,87.5,7.817674940280076,395394.5454545454,50577,9
695,87.58169934640523,4.249482984676522,514450.9090909091,121062,0
1142,87.6923076923077,2.8002981900506727,290441.3276756757,103718,6
194,87.8048780487805,6.044574015020693,941031.3718064515,155682,6
354,87.89808917197452,4.706243391705068,364733.8628571428,77500,0
1050,88.05970149253731,4.988630968218582,251890.9434782609,50493,6
1101,88.05970149253731,3.6687788510421955,263917.2754285714,71936,6
1361,88.15789473684211,5.078375049589812,1187644.0242222222,233863,0
608,88.23529411764706,4.256580059777695,528654.4736842104,124197,1
1146,88.23529411764706,3.330735614214419,276967.32,83155,9
673,88.23529411764706,3.931287355055499,142733.25,36307,1
492,88.29787234042553,5.462199831128625,1058574.3272727274,193800,0
422,88.46153846153847,6.380239677810158,55673.971428571436,8726,9
973,88.46153846153847,6.114096622573138,1185890.1809142858,193960,6
1415,88.57142857142857,3.769269071501611,152625.24324324323,40492,4
736,88.67924528301887,4.208050850634439,398325.6774193548,94658,0
1019,88.88888888888889,4.386539535855825,174531.63505263155,39788,1
1444,88.88888888888889,3.9252337020235486,77009.16,19619,1
227,88.88888888888889,3.1095794002868486,53273.31428571429,17132,1
1137,89.13043478260869,2.997765113191168,82294.64788732394,27452,6
605,89.52380952380952,4.382392446812302,223589.66263636365,51020,0
163,89.58333333333333,4.704433598379308,339199.07131034485,72102,0
568,89.65517241379311,2.7335285936395763,38679.4296,14150,0
706,89.83050847457628,2.22598186743724,61626.30799999999,27685,0
708,89.937106918239,4.073652072246221,417260.1081081081,102429,0
1048,90.0,3.8972947904647866,1074133.4171999998,275610,0
761,90.0,3.1171972557120906,163758.84063157896,52534,1
70,90.0,0.3523468843361415,136583.04155029322,387638,8
1404,90.0,3.627503666420413,614100.0956883117,169290,4
130,90.0,4.266588978823736,268338.5806451613,62893,4
257,90.13157894736842,4.462667072042301,337600.764,75650,0
727,90.15151515151516,4.194706695694432,583538.2325581395,139113,0
697,90.2439024390244,2.155167444739034,40295.16571428572,18697,0
1088,90.38461538461539,3.4514599995518376,992619.1871111111,287594,0
1021,90.47619047619048,4.339636452886203,927649.3674418605,213762,1
1334,90.56603773584905,2.674784448103606,349845.75710526307,130794,6
514,90.625,7.982049019607843,101771.125,12750,9
690,90.625,5.660953557397018,109986.66666666667,19429,6
721,90.9090909090909,3.975108635416121,482860.42105263163,121471,0
1010,91.30434782608695,2.9053481226697575,33176.17021276596,11419,6
726,91.50326797385621,3.9474105469203593,475923.50000000006,120566,0
312,91.66666666666667,3.218978616352201,21325.733333333334,6625,1
814,91.66666666666667,3.236328037899459,14145.989853658535,4371,9
299,91.66666666666667,1.517836095505618,540349.65,356000,0
167,91.66666666666667,3.902284928559016,336856.94188799994,86323,4
1136,91.80327868852459,3.124947869127582,249314.59089473676,79782,6
1113,91.80327868852459,2.480526930331427,82852.07999999999,33401,6
1362,91.94630872483222,3.88736287372355,443112.71925,113988,0
453,92.0,6.722290408564562,167216.97391304348,24875,9
1062,92.14285714285714,4.3523778517627845,286573.614893617,65843,0
891,92.15686274509804,4.262793120402785,216745.97900000002,50846,0
1211,92.1875,2.5394922083037113,241221.2858823529,94988,6
692,92.3076923076923,5.249768214816757,38932.28108108107,7416,6
943,92.3076923076923,2.088769288415029,11868.387096774193,5682,1
1218,92.3076923076923,4.320676951548745,1160015.347951807,268480,1
1398,92.3076923076923,2.4018141672468403,48735.211267605635,20291,4
1341,92.5,1.988242636656768,36468.34644155844,18342,0
162,92.5,3.5649218215574647,352317.65870270267,98829,0
700,92.5925925925926,1.7372747424161568,19916.11764705882,11464,0
1216,92.5925925925926,5.322824143437937,81274.20184615385,15269,6
577,92.61744966442953,3.673063087446847,417219.5630399999,113589,0
1087,92.6470588235294,3.716183977594998,210220.81142857144,56569,6
623,92.78350515463917,4.036155249442364,199337.63545945944,49388,0
755,92.85714285714286,2.753283380094471,115993.07551999998,42129,6
1264,92.95774647887323,1.9278728619568315,63642.938918918924,33012,0
734,93.22033898305085,1.808706373640891,50989.24137931036,28191,0
1008,93.28859060402685,4.1318089608286055,307489.2228648648,74420,0
399,93.45794392523365,4.813341904761906,866401.542857143,180000,0
377,93.54838709677419,5.581695643234104,69804.6857142857,12506,9
408,93.54838709677419,3.024241157059353,48684.23414634146,16098,1
1074,93.65079365079364,2.424973022132529,217903.2258227848,89858,6
912,93.75,4.116663598208727,216367.7220582525,52559,0
215,93.75,3.5651715960614614,129793.63712621357,36406,4
1070,93.75,2.256808031231647,520751.68278260884,230747,4
1013,93.79310344827586,4.207851444855069,283512.4068,67377,0
1342,94.07894736842105,3.436040302076296,401515.05345882353,116854,0
331,94.11764705882354,2.4998248866784185,721949.4272727272,288800,0
301,94.11764705882354,5.668668005435239,290099.7538461538,51176,9
64,94.23076923076923,3.7670214637058597,200141.85036669232,53130,4
564,94.44444444444444,1.256141073727817,112192.23999999998,89315,9
677,94.44444444444444,5.928962333374097,41929.62162162161,7072,9
590,94.44444444444444,1.1139833041547462,9486.681818181818,8516,0
647,94.5945945945946,3.08352402948516,268140.16608,86959,4
989,94.64285714285714,4.130546118461612,696806.6080000001,168696,0
658,94.73684210526316,3.8835682173110584,120681.88235294115,31075,1
666,94.73684210526316,2.59689578713969,31279.60975609756,12045,1
287,94.91525423728814,2.4758830929624622,83469.4467130435,33713,6
191,94.9367088607595,3.2508851752951395,254440.28089999998,78268,0
244,94.9367088607595,3.1955398602129192,305867.4888,95717,0
974,94.94949494949495,5.016412119122317,935922.0418888889,186572,0
1399,95.23809523809524,3.4920757109538694,582527.1176470588,166814,4
187,95.29411764705883,2.5357263847064138,112086.7133831776,44203,0
1132,95.3125,1.6578573523468618,172294.48319999996,103926,6
176,95.38461538461539,3.7231891249197724,231723.8447567568,62238,0
1160,95.38461538461539,1.7780382001458344,142607.55384269665,80205,6
688,95.45454545454545,2.835758901551863,148315.86206896554,52302,6
686,95.65217391304348,2.513929917370848,30685.028571428567,12206,6
728,95.65217391304348,1.686259147653896,51093.65217391305,30300,0
591,95.65217391304348,2.804177674306077,166360.64470588233,59326,1
730,95.8041958041958,2.940860226686717,370680.7272727273,126045,0
228,95.83333333333333,3.4646711533762318,170143.071,49108,4
279,95.87628865979381,2.777169183652949,137147.72296551723,49384,0
1359,95.89041095890411,2.917733285314931,362642.15229850746,124289,0
171,96.15384615384616,1.4335841161027942,188942.08574999997,131797,6
1150,96.15384615384616,5.51910819408144,1081982.5276923077,196043,6
1395,96.29629629629629,2.0174369130557226,198967.6981132076,98624,4
667,96.55172413793103,1.6057058012514585,25233.666666666668,15715,1
362,96.66666666666667,5.549274891536546,118576.90588235292,21368,9
687,96.7741935483871,1.234988435687371,44732.516129032265,36221,6
724,96.85534591194968,2.6938088714445967,239361.08108108107,88856,0
1069,96.96969696969697,2.4495128625209146,51106.63636363636,20864,6
499,96.96969696969697,0.2610889040575607,98301.8,376507,0
1346,97.05882352941177,1.4811935483870968,51656.625,34875,0
363,97.2027972027972,2.72529255690546,188862.7741935484,69300,0
188,97.36842105263158,2.240672192899411,52765.58947058823,23549,6
738,97.46835443037975,2.534036968344283,241830.74999999997,95433,0
963,97.5609756097561,2.425982156528206,108645.18489795917,44784,4
712,97.87234042553192,1.0408122358272693,23885.600000000002,22949,0
701,97.88732394366197,2.6479391057024295,340742.10000000003,128682,0
419,98.36065573770492,1.3892122630170358,376893.2869565218,271300,0
1448,98.46153846153847,0.3270317375399145,30175.54545454545,92271,6
1161,98.46153846153847,2.6592344329935753,141144.186,53077,6
1201,98.64864864864865,2.406350783160119,177100.1985882353,73597,0
263,98.74213836477988,1.9634619959557509,172142.60357142854,87673,0
434,98.80952380952381,0.6171074141048826,24375.74285714286,39500,0
739,99.2248062015504,2.4416008340774393,334611.62790697673,137046,0
1090,100.0,4.644899409505514,1416912.6301714284,305047,6
857,100.0,0.0,0.0,4000,1
236,100.0,2.0539643927300992,295947.51349090907,144086,1
356,100.0,2.045548892988931,8869.500000000004,4336,9
846,100.0,7.744517060046471,3725.1127058823527,481,1
530,100.0,3.587793571428571,516642.27428571426,144000,9
1340,100.0,7.446694240175239,830440.4482758623,111518,5
1397,100.0,0.0,0.0,19984,4
1072,100.0,0.9304927233291301,283800.2806153847,305000,3
1374,100.0,0.6408230216118784,102315.08527659574,159662,6
679,100.0,4.346755218216319,188649.17647058822,43400,9
672,100.0,9.745837597384444,61681.40615384615,6329,5
830,100.0,5.269468858654573,79674.36914285715,15120,15
680,100.0,4.674680701853807,46040.93023255814,9849,9
1017,100.0,6.490099723382566,709127.7660759493,109263,13
1120,100.0,8.283603083952029,580183.56,70040,12
970,100.0,0.8994844765009131,311272.0,346056,12
444,100.0,4.073037208703489,52725.46666666667,12945,9
1401,100.0,1.9288104942149298,325565.8521290322,168791,4
740,100.0,9.227123107307438e-05,3.5039999999999996,37975,0
548,100.0,17.29378488852656,169703.9111111111,9813,3
1182,100.0,1.730029285875197,115194.0,66585,15
242,100.0,0.7801839281281625,122577.03749999999,157113,8
402,100.0,14.454932576295242,40733.99999999999,2818,9
1148,100.0,5.72292965115364,4930441.244780488,861524,6
1175,100.0,9.236121430921237,751561.6730769229,81372,5
1115,100.0,4.844041858273346,203585.3912195122,42028,12
633,100.0,2.422314819513086,238692.47999999998,98539,8
73,100.0,0.26726286167062635,103601.24117227826,387638,8
1419,100.0,1.9175338765652061,77907.48387096776,40629,4
83,100.0,2.4691332620502386,5111.105852443994,2070,7
463,100.0,5.52691452631579,138172.86315789475,25000,9
517,100.0,3.5729516994633266,7896.223255813952,2210,4
345,100.0,0.051626332288401265,374.29090909090917,7250,4
1286,100.0,11.878205110367833,2440638.5604374995,205472,3
309,100.0,6.982148040638607,14432.1,2067,1
107,100.0,0.003637575359881884,354.7799999999999,97532,0
206,100.0,2.1205511547760527,733365.0497142858,345837,9
587,100.0,17.573809971071118,935524.2,53234,13
1207,100.0,11.616479265056103,864765.5659285715,74443,3
53,100.0,0.0,0.0,87742,6
837,100.0,4.7365528759635955,157471.4369142857,33246,9
815,100.0,3.525400535670804,2347.9167567567556,666,1
339,100.0,1.5214353663214422,108174.05454545454,71100,0
45,100.0,0.4424029643805314,6770.5349668796525,15304,11
1001,100.0,4.485685497545739,20104.8424,4482,7
1376,100.0,3.2960526995540396,791138.3452631579,240026,9
856,100.0,3.42414603934631,10121.775692307692,2956,1
840,100.0,8.303054520683276,347574.16529032256,41861,7
691,100.0,0.7560940478144503,32245.142857142862,42647,6
849,100.0,1.247180721203874,8041.8212903225785,6448,9
862,100.0,1.8897607288514668,52232.98654545454,27640,7
304,100.0,0.0018033968090581574,350.4,194300,1
822,100.0,23.269758348512443,8516.731555555554,366,1
737,100.0,1.5704201680672272,23226.51428571429,14790,0
636,100.0,0.2147294332723949,1409.4840000000002,6564,0
808,100.0,0.18966392853589237,1774.6853793103448,9357,7
1369,100.0,2.554678263630401,135893.55555555556,53194,1
1081,100.0,11.811129698958922,135473.65764705883,11470,5
1110,100.0,0.39518187113250663,10727.211891891893,27145,6
280,100.0,3.3016731171245177,348343.02222222224,105505,1
170,100.0,7.627414293295596,344942.184,45224,11
1208,100.0,7.537735119932244,916475.524556962,121585,3
606,100.0,18.929448149208696,443554.82903225813,23432,14
670,100.0,9.958147765059879,183936.94736842104,18471,3
1345,100.0,0.7185651322523361,15010.107047619049,20889,0
314,100.0,0.06724015686274509,15129.035294117646,225000,0
531,100.0,0.8591290551349414,58595.17894736841,68203,9
853,100.0,0.5548065123779786,14699.598545454543,26495,1
179,100.0,12.751245250185532,317085.2156363636,24867,2
683,100.0,6.477617866004962,30120.923076923074,4650,6
269,100.0,1.063193179336263,860686.7744680849,809530,1
975,100.0,4.5702675045489505,1949091.1232,426472,1
828,100.0,0.447054272018833,46043.90769230769,102994,7
848,100.0,0.8035091918493514,6871.610608695653,8552,6
1446,100.0,1.0350521144221496,11659.862068965516,11265,1
817,100.0,3.148627056154282,3098.2490232558134,984,1
637,100.0,0.44792568973161,1876.3607142857143,4189,0
795,100.0,0.0,0.0,387500,0
794,100.0,0.0,0.0,731945,0
772,100.0,0.04347646947556695,3811.1907906976744,87661,4
1388,100.0,4.643497599316863,211116.61835294115,45465,3
