building_id,efficiency_score,primary_use,square_feet,savings_dollars,savings_kwh,savings_percent
645,2.1276595744680833,0.0,304333.0,605005.4371428571,6050054.371428571,50.0
869,0.0,1.0,875000.0,582230.48,5822304.8,50.0
1112,0.0,6.0,190471.0,556625.0,5566250.0,50.0
620,1.2195121951219505,0.0,220703.0,527753.3027027026,5277533.027027026,50.0
556,50.0,3.0,450000.0,505690.8784760384,5056908.784760384,48.891083433996386
546,0.0,9.0,400000.0,483016.8436363637,4830168.4363636365,50.0
475,16.666666666666657,6.0,474680.0,457594.9033333333,4575949.033333333,50.0
785,4.166666666666657,0.0,250000.0,446217.7346341463,4462177.346341463,50.0
648,0.0,0.0,154706.0,434453.01627272734,4344530.162727273,50.0
993,10.526315789473685,0.0,428647.0,433058.8109577465,4330588.109577465,50.0
927,0.0,4.0,745671.0,428547.4748307693,4285474.748307693,50.0
519,16.666666666666657,9.0,461647.0,424346.7436363636,4243467.436363636,50.0
1145,50.0,5.0,35201.0,412087.16623255814,4120871.662325581,50.0
881,0.0,1.0,344798.0,409578.66666666674,4095786.666666667,50.0
786,8.450704225352112,0.0,257000.0,408260.7855,4082607.8549999995,50.0
653,21.05263157894737,0.0,420885.0,407738.30386956525,4077383.038695652,50.0
1212,0.0,9.0,237518.0,399811.7893043479,3998117.8930434785,50.0
1192,0.0,6.0,43587.0,388713.9793548387,3887139.793548387,50.0
375,0.0,6.0,850354.0,380460.96693059406,3804609.66930594,40.10244584988215
1284,25.0,0.0,442438.0,380043.0635454545,3800430.6354545453,50.0
1378,6.976744186046517,0.0,214505.0,379060.88253658544,3790608.825365854,50.0
1289,4.255319148936167,0.0,194441.0,377670.99544,3776709.9544,50.0
1139,0.0,6.0,336650.0,371705.3737391305,3717053.7373913047,50.0
791,1.5748031496062964,0.0,150695.0,358347.8074074074,3583478.0740740737,50.0
954,12.7659574468085,0.0,305224.0,335340.8903653846,3353408.9036538457,50.0
615,4.800000000000011,0.0,153700.0,335316.6690857143,3353166.690857143,50.0
1249,2.5,6.0,159384.0,334551.7259032258,3345517.2590322574,50.0
792,17.5,0.0,333681.0,334300.27263157896,3343002.7263157894,50.0
482,29.629629629629633,0.0,394000.0,332654.6605263158,3326546.6052631577,50.0
757,0.0,0.0,46813.0,332449.01102068974,3324490.1102068974,50.0
798,40.90909090909091,0.0,409028.0,331486.8315,3314868.3149999995,50.0
1252,1.2987012987013031,0.0,116249.0,319992.4109473685,3199924.1094736843,50.0
854,0.0,1.0,92288.0,315791.2455789474,3157912.455789474,50.0
955,15.555555555555557,0.0,198488.0,314742.7349068966,3147427.3490689658,50.0
209,10.63829787234043,0.0,193294.0,314433.0825,3144330.825,50.0
561,18.181818181818173,6.0,295000.0,301451.8863157895,3014518.8631578945,50.0
1156,16.17647058823529,0.0,259989.0,300364.32832000003,3003643.2832,50.0
784,14.893617021276597,0.0,190817.0,290472.5379310345,2904725.3793103453,50.0
560,30.0,6.0,340000.0,285131.6125,2851316.125,50.0
448,27.272727272727266,6.0,328760.0,283888.24,2838882.4,50.0
1204,1.5625,6.0,38382.0,283653.69661538466,2836536.9661538466,50.0
1298,8.92857142857143,0.0,171084.0,283555.6155,2835556.155,50.0
903,18.33333333333333,0.0,275793.0,282026.98905882344,2820269.890588234,50.0
212,24.390243902439025,0.0,327256.0,282006.20760937495,2820062.0760937496,50.0
114,6.060606060606062,0.0,139683.0,266999.4939428572,2669994.9394285716,50.0
1258,23.33333333333333,0.0,273234.0,265127.094,2651270.94,50.0
18,2.0270270270270316,0.0,111891.0,264752.7146960549,2647527.146960549,50.0
1303,0.0,3.0,200000.0,264042.898,2640428.98,50.0
376,33.33333333333334,6.0,585955.0,263243.83435802633,2632438.343580263,40.20113465306883
1425,50.0,14.0,4071.0,263173.4874666667,2631734.8746666666,50.0
802,21.568627450980387,0.0,290625.0,261100.62636363637,2611006.2636363637,50.0
966,41.379310344827594,0.0,393530.0,260456.8378888889,2604568.3788888888,50.0
1288,13.91304347826086,0.0,164206.0,260130.46729411764,2601304.672941176,50.0
617,20.95238095238095,0.0,182943.0,260122.24556756756,2601222.4556756755,50.0
1317,0.0,1.0,180806.0,258723.84122571425,2587238.4122571424,50.0
1291,11.764705882352942,6.0,237546.0,255480.05468235293,2554800.546823529,50.0
1387,7.142857142857139,6.0,187041.0,250634.87849999993,2506348.784999999,50.0
1290,21.590909090909093,0.0,200442.0,250224.85835714286,2502248.5835714284,50.0
1437,2.6845637583892596,0.0,111518.0,249925.60319999998,2499256.0319999997,50.0
1347,34.14634146341463,0.0,322341.0,249545.33046233768,2495453.3046233766,50.0
1267,6.818181818181827,0.0,138977.0,246963.70007692307,2469637.0007692305,50.0
1200,0.0,1.0,545351.0,245791.84324200253,2457918.432420025,41.3654709568006
602,5.882352941176478,1.0,238065.0,245462.61972,2454626.1972,50.0
793,11.023622047244103,0.0,150695.0,244856.8246153846,2448568.246153846,50.0
790,2.484472049689444,0.0,86111.0,243975.36646153854,2439753.6646153852,50.0
1438,3.225806451612897,0.0,108971.0,240183.9735272727,2401839.735272727,50.0
1402,0.0,4.0,133594.0,240107.01559999996,2401070.1559999995,50.0
60,1.923076923076934,0.0,81576.0,240070.93397052507,2400709.3397052507,50.0
121,12.5,0.0,150318.0,239999.74574999997,2399997.4574999996,50.0
1282,0.0,3.0,12500.0,238922.74285714288,2389227.4285714286,50.0
904,1.470588235294116,0.0,29961.0,229837.9534883721,2298379.534883721,50.0
1171,0.0,5.0,56851.0,226560.93363333336,2265609.3363333335,50.0
192,17.74193548387096,0.0,151637.0,226035.6003135135,2260356.003135135,50.0
10,28.57142857142857,1.0,370773.0,224134.39460463915,2241343.9460463915,48.61843142837512
1075,4.477611940298516,6.0,72709.0,221862.56360000005,2218625.6360000004,50.0
611,9.154929577464785,0.0,128126.0,219839.14960000003,2198391.4960000003,50.0
1225,4.838709677419345,6.0,122746.0,219054.18936000002,2190541.8936,50.0
76,10.563380281690144,0.0,128887.0,217781.67868244124,2177816.786824412,50.0
1295,1.6129032258064484,6.0,115676.0,215374.81443375,2153748.1443375,50.0
1089,0.0,6.0,62837.0,214547.61886567163,2145476.188656716,50.0
609,15.151515151515156,0.0,141461.0,211839.87194594592,2118398.719459459,50.0
1099,44.99999999999999,0.0,332884.0,208946.7019411765,2089467.0194117648,50.0
115,12.7659574468085,0.0,129716.0,206432.22580645158,2064322.2580645157,50.0
1076,3.8461538461538396,4.0,117054.0,205230.53925000003,2052305.3925,50.0
782,13.475177304964532,0.0,129344.0,205006.28794285716,2050062.8794285716,50.0
890,25.581395348837205,0.0,202937.0,203901.73681538465,2039017.3681538464,50.0
1251,7.79220779220779,0.0,104604.0,203574.82642718442,2035748.2642718442,50.0
1432,23.33333333333333,0.0,160673.0,202788.8291666667,2027888.2916666667,50.0
921,16.666666666666657,1.0,262162.0,202301.7412149533,2023017.412149533,50.0
796,29.48717948717949,0.0,226042.0,200713.57891891897,2007135.7891891894,50.0
1418,0.0,4.0,41302.0,199368.83231578945,1993688.3231578944,50.0
407,48.78048780487805,0.0,325217.0,199099.0556756757,1990990.556756757,50.0
924,21.42857142857143,1.0,252268.0,198948.6092068965,1989486.092068965,50.0
768,3.973509933774835,0.0,75929.0,196961.5044,1969615.044,50.0
1354,0.0,0.0,23232.0,196765.71329,1967657.1329,50.0
1184,0.0,4.0,74584.0,194593.1979692308,1945931.9796923078,50.0
1253,20.149253731343293,0.0,134748.0,193461.05261320758,1934610.5261320756,50.0
583,31.764705882352942,0.0,206054.0,190571.22675,1905712.2674999998,50.0
1240,0.0,9.0,73277.0,188604.0015929204,1886040.0159292037,50.0
1281,4.615384615384613,6.0,103138.0,188292.10258064524,1882921.0258064521,50.0
31,0.7692307692307736,0.0,61904.0,188141.32403114514,1881413.2403114513,50.0
1222,4.761904761904773,4.0,187174.0,187868.49300000002,1878684.9300000002,50.0
562,32.051282051282044,0.0,235000.0,187034.4230769231,1870344.2307692308,50.0
932,5.882352941176478,4.0,233937.0,186682.0459646018,1866820.4596460178,50.0
874,20.0,6.0,181805.0,186045.33243956044,1860453.3243956044,50.0
1344,16.666666666666657,0.0,125507.0,185722.6890717949,1857226.890717949,50.0
1350,26.5625,0.0,149762.0,185120.22123564355,1851202.2123564354,50.0
1301,2.3076923076923066,0.0,62242.0,184582.35668510638,1845823.5668510636,50.0
80,19.04761904761905,6.0,156111.0,184002.99860044554,1840029.9860044552,50.0
169,25.233644859813083,0.0,179559.0,182885.91635593222,1828859.163559322,50.0
4,13.907284768211923,0.0,116607.0,182342.2076940402,1823422.076940402,50.0
1430,6.15384615384616,6.0,53303.0,180550.6445,1805506.4449999998,50.0
928,27.777777777777786,0.0,179115.0,178964.06473469388,1789640.6473469387,50.0
1287,3.100775193798455,0.0,60582.0,178465.00108846155,1784650.0108846154,50.0
332,7.5,0.0,90400.0,176878.21384615387,1768782.1384615386,50.0
1285,0.0,3.0,130067.0,176067.06134210527,1760670.6134210525,50.0
1373,12.903225806451616,0.0,105434.0,175421.0566956522,1754210.5669565217,50.0
883,62.96296296296296,0.0,399331.0,174429.06034658157,1744290.6034658155,44.42882940812975
15,7.8125,6.0,83957.0,174217.6211886066,1742176.211886066,50.0
89,50.0,11.0,161755.0,174143.04573203926,1741430.4573203924,50.0
1426,0.0,1.0,15450.0,173527.50363636366,1735275.0363636364,50.0
1391,0.0,1.0,68693.0,172601.17677272728,1726011.7677272728,50.0
335,33.33333333333334,6.0,229000.0,172050.59750000003,1720505.975,50.0
1263,8.860759493670884,0.0,97838.0,171291.73869565217,1712917.3869565215,50.0
594,30.555555555555557,0.0,177281.0,171026.01541935484,1710260.1541935483,50.0
1314,4.6979865771812115,0.0,73813.0,170567.47615384616,1705674.7615384615,50.0
1078,13.043478260869563,1.0,80438.0,170056.785,1700567.8499999999,50.0
1377,5.333333333333329,0.0,74599.0,169911.9964054054,1699119.9640540539,50.0
150,6.779661016949163,6.0,65657.0,168744.19285714286,1687441.9285714284,50.0
1179,14.285714285714292,1.0,143228.0,168493.09680000003,1684930.968,50.0
649,18.181818181818173,0.0,116121.0,166880.09418749998,1668800.9418749998,50.0
592,21.568627450980387,0.0,120694.0,166439.37428571426,1664393.7428571426,50.0
987,31.304347826086953,0.0,166395.0,166053.77785714285,1660537.7785714285,50.0
111,20.91503267973856,0.0,118338.0,165495.44708108107,1654954.4708108106,50.0
78,6.535947712418306,0.0,76257.0,165311.81104557167,1653118.1104557165,50.0
1293,7.462686567164184,6.0,51471.0,165200.9219947826,1652009.219947826,50.0
323,54.54545454545455,0.0,282200.0,165158.91257142858,1651589.1257142858,50.0
16,1.7699115044247833,0.0,54644.0,163289.09080250896,1632890.9080250894,50.0
489,9.615384615384613,0.0,85039.0,163086.79714285716,1630867.9714285715,50.0
1094,10.447761194029852,6.0,70852.0,161682.75685714287,1616827.5685714285,50.0
1250,36.8421052631579,0.0,232139.0,161457.604,1614576.0399999998,50.0
911,38.1578947368421,0.0,239638.0,161306.81176470587,1613068.1176470586,50.0
1004,7.333333333333343,0.0,74886.0,161111.146,1611111.46,50.0
1431,5.555555555555557,9.0,111360.0,161061.78093506495,1610617.8093506494,50.0
1241,33.33333333333334,3.0,194188.0,160979.19129945236,1609791.9129945235,41.372351645494426
1018,33.33333333333334,0.0,186840.0,160049.11818640775,1600491.1818640775,50.0
1130,56.36363636363637,0.0,280225.0,159653.91775384615,1596539.1775384613,50.0
572,10.559006211180119,0.0,94175.0,159484.64516666668,1594846.4516666667,50.0
1283,7.142857142857139,9.0,76537.0,159475.88801714286,1594758.8801714284,50.0
983,5.555555555555557,1.0,122122.0,159358.3067046729,1593583.067046729,50.0
119,10.429447852760731,0.0,91149.0,159303.8032835821,1593038.0328358207,50.0
641,16.129032258064512,0.0,109588.0,159277.07740909094,1592770.7740909092,50.0
42,50.0,7.0,226506.0,158725.39865479653,1587253.9865479653,50.0
685,41.17647058823529,6.0,270034.0,158450.16416301113,1584501.6416301113,46.753649362345115
493,58.18181818181819,0.0,283000.0,158325.93473684211,1583259.347368421,50.0
1409,4.166666666666657,4.0,48881.0,158232.60725346534,1582326.0725346534,50.0
506,0.0,7.0,34400.0,158023.43692307698,1580234.3692307696,50.0
1238,18.181818181818173,6.0,129707.0,156992.08827032967,1569920.8827032966,50.0
249,22.222222222222214,1.0,179449.0,155666.59823076925,1556665.9823076923,50.0
754,2.898550724637687,6.0,41337.0,155615.91749142858,1556159.1749142858,50.0
780,23.529411764705884,0.0,120836.0,154824.61851851855,1548246.1851851854,50.0
1106,12.307692307692307,6.0,92099.0,154638.88233707866,1546388.8233707866,50.0
1247,50.0,2.0,69876.0,153761.8416282353,1537618.416282353,50.0
1092,12.698412698412696,6.0,105167.0,153724.95536202527,1537249.5536202528,50.0
118,26.717557251908403,0.0,138316.0,153052.74203181823,1530527.420318182,50.0
767,12.307692307692307,6.0,70042.0,152986.49614666667,1529864.9614666665,50.0
1244,11.764705882352942,9.0,95526.0,152261.9031932773,1522619.031932773,50.0
1169,33.599999999999994,0.0,155439.0,151950.8562631579,1519508.562631579,50.0
1185,23.636363636363626,6.0,129532.0,151619.17500000002,1516191.7500000002,50.0
879,20.129870129870127,0.0,110235.0,150829.19941666664,1508291.9941666664,50.0
1304,14.516129032258064,6.0,91363.0,149715.2581578947,1497152.5815789471,50.0
914,40.789473684210535,0.0,229973.0,149033.6190638298,1490336.190638298,50.0
285,0.0,14.0,21958.0,147407.97321739132,1474079.7321739132,50.0
1054,40.0,0.0,204998.0,147213.65712,1472136.5712,50.0
1143,17.1875,6.0,96612.0,147196.88204444447,1471968.8204444447,50.0
1275,15.873015873015873,6.0,114166.0,146683.53082051288,1466835.3082051286,50.0
13,15.625,0.0,99380.0,146538.60543238508,1465386.0543238507,50.0
7,24.83660130718954,0.0,121074.0,146272.10494005747,1462721.0494005745,50.0
1187,16.393442622950815,6.0,121714.0,145160.29316666667,1451602.9316666666,50.0
483,42.352941176470594,0.0,207000.0,144296.03399999999,1442960.3399999999,50.0
1382,12.5,9.0,243072.0,144240.29979493012,1442402.997949301,41.27671733425183
1292,10.9375,6.0,58196.0,143813.32150000002,1438133.215,50.0
365,50.0,3.0,819577.0,143736.00518215875,1437360.0518215876,12.989901270514418
1412,2.857142857142861,4.0,39538.0,142333.0184587156,1423330.184587156,50.0
1011,6.474820143884898,0.0,65144.0,142107.51983076925,1421075.1983076925,50.0
1313,0.0,3.0,68637.0,141401.6011764706,1414016.0117647059,50.0
1273,14.0625,6.0,104089.0,140665.0943,1406650.943,50.0
946,38.888888888888886,0.0,177216.0,140210.83547454546,1402108.3547454546,50.0
888,15.789473684210535,1.0,137522.0,140103.21768,1401032.1768,50.0
1381,15.625,6.0,84615.0,138281.01011250002,1382810.101125,50.0
75,10.897435897435898,0.0,80942.0,137845.9148496239,1378459.1484962387,50.0
1405,9.523809523809518,4.0,142901.0,137311.63051999998,1373116.3051999998,50.0
1318,14.285714285714292,1.0,73488.0,137032.45695126048,1370324.5695126047,50.0
1360,14.285714285714292,1.0,111530.0,136825.65656250002,1368256.565625,50.0
97,19.04761904761905,4.0,187647.0,136684.82915568826,1366848.2915568824,50.0
952,46.42857142857143,0.0,218024.0,134164.36099411765,1341643.6099411764,50.0
221,47.05882352941176,0.0,204349.0,133924.57195161292,1339245.719516129,50.0
804,26.66666666666667,6.0,175618.0,133875.43000000002,1338754.3,50.0
1367,5.79710144927536,0.0,33695.0,132130.6833139535,1321306.8331395348,50.0
978,60.869565217391305,0.0,258491.0,131071.51617970335,1310715.1617970334,48.13533413966812
801,63.63636363636363,0.0,484376.0,128491.9099219983,1284919.099219983,32.68429272322271
1441,7.246376811594203,0.0,30143.0,128415.395,1284153.95,50.0
1176,34.61538461538461,0.0,142672.0,127615.34878857143,1276153.4878857143,50.0
96,22.222222222222214,4.0,200933.0,127031.79543063485,1270317.9543063485,50.0
1174,25.0,7.0,27648.0,126678.13791549295,1266781.3791549294,50.0
122,14.102564102564102,0.0,83043.0,126568.40689655175,1265684.0689655175,50.0
1033,27.272727272727266,0.0,118489.0,126543.77355000003,1265437.7355000002,50.0
765,4.761904761904773,1.0,58562.0,126121.87340204083,1261218.7340204082,50.0
1080,53.57142857142857,0.0,207115.0,125997.231675,1259972.31675,50.0
783,23.80952380952381,1.0,143110.0,125610.29699999998,1256102.9699999997,50.0
929,51.13636363636363,0.0,199628.0,124838.76192105265,1248387.6192105263,50.0
789,9.558823529411768,0.0,64583.0,124792.98899999997,1247929.8899999997,50.0
569,17.391304347826093,0.0,86091.0,123705.23846153848,1237052.3846153847,50.0
1111,18.461538461538467,6.0,67839.0,123196.8441896104,1231968.441896104,50.0
1067,30.069930069930066,0.0,125701.0,121250.64715384616,1212506.4715384615,50.0
28,12.121212121212125,6.0,52957.0,121227.0262382186,1212270.262382186,50.0
787,20.0,4.0,278795.0,121090.87593630538,1210908.7593630538,44.72848435037367
961,44.26229508196722,0.0,155882.0,120960.73772142857,1209607.3772142855,50.0
55,0.0,6.0,16726.0,120227.14824540055,1202271.4824540054,50.0
110,6.779661016949163,0.0,27814.0,119784.8888888889,1197848.888888889,50.0
1149,63.63636363636363,6.0,293990.0,119576.48261828486,1195764.8261828485,37.8359119916813
959,31.69014084507043,0.0,128536.0,119482.85361290323,1194828.5361290323,50.0
201,54.21686746987952,0.0,219608.0,118324.98350000869,1183249.8350000868,49.652188957066585
23,32.11678832116789,0.0,130885.0,117942.76972329429,1179427.6972329428,50.0
1135,42.1875,0.0,150393.0,117406.4024117647,1174064.024117647,50.0
1434,8.57142857142857,0.0,33148.0,117296.6947375,1172966.947375,50.0
1396,11.538461538461547,4.0,96336.0,117153.38457692308,1171533.8457692307,50.0
1363,39.02439024390244,6.0,157933.0,116769.99338613864,1167699.9338613863,50.0
1183,30.0,1.0,166856.0,116678.11246153843,1166781.1246153843,50.0
774,9.375,4.0,93500.0,116170.19824077669,1161701.9824077669,50.0
14,19.254658385093165,0.0,86250.0,115707.95958321122,1157079.5958321122,50.0
1259,13.986013986013987,0.0,71088.0,115035.56182816903,1150355.6182816902,50.0
972,65.45454545454545,0.0,282152.0,114895.07887061464,1148950.7887061464,42.70420010691969
1197,0.0,12.0,50552.0,114592.97382352942,1145929.7382352941,50.0
246,48.0,6.0,202435.0,114258.93370435754,1142589.3370435752,45.78798537708988
1232,50.943396226415096,0.0,181328.0,114018.29373913044,1140182.9373913044,50.0
1365,25.0,4.0,129664.0,113859.6642857143,1138596.642857143,50.0
1155,0.0,15.0,19059.0,113735.36614285712,1137353.6614285712,50.0
1077,3.7037037037037095,1.0,19454.0,112309.24137931036,1123092.4137931035,50.0
229,38.93129770992366,0.0,140092.0,111871.37314545455,1118713.7314545454,50.0
1306,6.0,4.0,54172.0,111852.91927636364,1118529.1927636364,50.0
30,22.699386503067487,0.0,93897.0,111460.50451957178,1114605.0451957178,50.0
1144,43.90243902439024,6.0,152312.0,111281.56770370372,1112815.6770370372,50.0
1299,5.357142857142861,0.0,25401.0,110905.0405346939,1109050.4053469389,50.0
168,54.80769230769231,0.0,183460.0,109935.32236000002,1099353.2236000001,50.0
1098,25.0,6.0,131745.0,109862.52303448276,1098625.2303448275,50.0
203,7.5,4.0,63348.0,108728.14179999998,1087281.4179999998,50.0
1172,50.0,5.0,63847.0,108593.38380000001,1085933.838,50.0
1029,45.52845528455285,0.0,152559.0,107135.52802702702,1071355.28027027,50.0
800,12.5,0.0,64583.0,106573.05513513515,1065730.5513513514,50.0
1302,23.80952380952381,6.0,90411.0,105383.56354054055,1053835.6354054054,50.0
1414,9.756097560975604,4.0,65663.0,104800.65419999999,1048006.5419999999,50.0
1097,50.0,6.0,157545.0,104072.29997072538,1040722.9997072536,49.71114113856465
1140,49.59349593495935,0.0,156483.0,103817.40318400002,1038174.0318400002,50.0
108,18.58974358974359,0.0,81580.0,103020.70581818181,1030207.0581818181,50.0
1319,46.15384615384615,1.0,287419.0,102430.98156179435,1024309.8156179434,35.8085230237065
964,38.970588235294116,0.0,130577.0,102245.43090588234,1022454.3090588234,50.0
268,21.73913043478261,1.0,77844.0,102123.28475625,1021232.8475624999,50.0
917,58.97435897435898,0.0,237702.0,102076.9854249722,1020769.8542497219,44.0090700007844
1332,4.255319148936167,0.0,47398.0,101948.59270967741,1019485.9270967741,50.0
640,0.0,1.0,36180.0,101633.25233333334,1016332.5233333333,50.0
1336,1.9607843137254974,6.0,31053.0,101525.1115550562,1015251.1155505619,50.0
154,6.896551724137936,6.0,34455.0,100422.45000000001,1004224.5,50.0
1107,55.88235294117647,0.0,184098.0,99783.46801422763,997834.6801422762,49.80077181157986
1000,35.294117647058826,0.0,121146.0,99782.31263801653,997823.1263801653,50.0
1164,68.75,6.0,249457.0,99536.86324602547,995368.6324602547,37.38611461869784
1147,33.33333333333334,1.0,234476.0,99527.98822960652,995279.8822960651,39.91886235709538
219,25.9493670886076,0.0,96124.0,99364.33383870969,993643.3383870968,50.0
1276,20.3125,6.0,53860.0,99013.13084727274,990131.3084727273,50.0
1326,12.121212121212125,6.0,46981.0,98326.52304943821,983265.2304943821,50.0
103,4.6511627906976685,0.0,21657.0,97959.29780451735,979592.9780451735,50.0
113,27.04402515723271,0.0,100481.0,97877.75821690142,978777.5821690141,50.0
91,15.862068965517238,0.0,68094.0,97387.22215592195,973872.2215592194,50.0
1059,33.33333333333334,1.0,116186.0,97368.81773684212,973688.1773684211,50.0
1379,15.625,6.0,49553.0,97280.06607476636,972800.6607476636,50.0
88,26.08695652173914,1.0,76527.0,96492.74283369482,964927.4283369482,50.0
1163,0.0,8.0,83919.0,95463.0448820513,954630.448820513,50.0
1297,5.4054054054054035,6.0,21469.0,95272.83381854306,952728.3381854305,50.0
540,23.125,0.0,88300.0,95259.16,952591.6,50.0
1219,32.25806451612904,6.0,91316.0,95172.5004048387,951725.0040483869,50.0
1129,40.816326530612244,6.0,133100.0,94885.71619428572,948857.1619428571,50.0
1384,9.166666666666671,0.0,56969.0,94827.04114545457,948270.4114545456,50.0
1323,29.6875,6.0,87200.0,94452.93235714285,944529.3235714285,50.0
1040,37.93103448275862,6.0,126960.0,94378.17882352942,943781.7882352942,50.0
622,38.775510204081634,0.0,123612.0,93465.21818181819,934652.1818181818,50.0
1191,57.4468085106383,0.0,192152.0,92931.4098333196,929314.098333196,46.9555583445205
1152,36.065573770491795,6.0,118858.0,91599.71088000003,915997.1088000002,50.0
1210,33.33333333333334,6.0,92500.0,91531.39871538461,915313.9871538461,50.0
220,41.333333333333336,0.0,122592.0,91414.02551039997,914140.2551039996,50.0
1064,43.38235294117647,0.0,131212.0,91016.15292307694,910161.5292307693,50.0
29,37.16216216216216,0.0,113866.0,90980.35458685721,909803.5458685721,50.0
1086,56.25,6.0,143973.0,90874.10377213568,908741.0377213567,48.573389585208844
1348,44.85294117647059,0.0,131271.0,90762.51488695655,907625.1488695655,50.0
1355,11.0,0.0,50567.0,89397.55154375,893975.5154375,50.0
120,17.241379310344826,0.0,68211.0,89292.81081081083,892928.1081081082,50.0
1126,19.444444444444443,0.0,72332.0,89009.00845714286,890090.0845714285,50.0
1248,27.58620689655173,6.0,78002.0,88126.32457714286,881263.2457714286,50.0
1328,67.27272727272728,0.0,279840.0,87945.80806447876,879458.0806447875,36.51685117979752
1343,33.33333333333334,6.0,110380.0,87646.08368333336,876460.8368333335,50.0
1440,28.57142857142857,4.0,150294.0,87627.21857142856,876272.1857142856,50.0
1439,10.92436974789915,0.0,56497.0,87352.33676470589,873523.3676470588,50.0
24,33.54838709677419,0.0,105545.0,86483.04479746764,864830.4479746763,50.0
318,31.746031746031747,6.0,105000.0,85387.83183673471,853878.318367347,50.0
1358,15.384615384615387,4.0,61439.0,85003.8979263158,850038.9792631579,50.0
880,54.91803278688525,0.0,157723.0,84673.29075798055,846732.9075798055,49.561421725692526
446,0.0,9.0,43992.0,84531.64975609757,845316.4975609756,50.0
1073,50.0,6.0,194111.0,84055.53226949347,840555.3226949347,39.31998035843913
760,22.727272727272734,6.0,49990.0,83272.99013846155,832729.9013846155,50.0
1327,30.37974683544303,0.0,98125.0,82965.10833333334,829651.0833333334,50.0
1117,39.0625,6.0,111424.0,82865.91722448979,828659.1722448978,50.0
486,27.32919254658384,0.0,86375.0,82795.91294117649,827959.1294117648,50.0
1268,18.181818181818173,6.0,43007.0,82203.32815537191,822033.2815537191,50.0
873,12.307692307692307,6.0,40142.0,82132.61025,821326.1024999999,50.0
1245,0.0,3.0,35354.0,81536.10391607143,815361.0391607143,50.0
619,20.689655172413794,0.0,68146.0,81498.01864285715,814980.1864285714,50.0
1119,45.90163934426229,6.0,119509.0,81428.76220799999,814287.6220799998,50.0
551,10.0,6.0,30525.0,81180.51272727273,811805.1272727272,50.0
500,34.81012658227847,0.0,99975.0,81093.51000000001,810935.1,50.0
998,58.715596330275226,0.0,173479.0,81033.17569870567,810331.7569870567,46.09046245122286
953,66.66666666666667,1.0,563782.0,80972.92477698495,809729.2477698494,18.354896635288988
1308,17.5,4.0,62279.0,80739.7711221239,807397.711221239,50.0
95,38.888888888888886,4.0,200933.0,80645.80429779897,806458.0429779897,42.78529553905234
125,3.3333333333333286,0.0,16802.0,80130.8117647059,801308.1176470589,50.0
902,0.0,0.0,14561.0,78808.7142857143,788087.142857143,50.0
913,40.0,1.0,503634.0,78393.64976407196,783936.4976407196,19.591256767638047
1269,50.0,3.0,56388.0,78332.27288863638,783322.7288863637,50.0
1390,40.90909090909091,1.0,93608.0,78326.72011875,783267.2011875,50.0
676,33.33333333333334,5.0,90697.0,77910.37191276476,779103.7191276476,43.19933005747727
1329,0.0,13.0,60100.0,77894.90870487805,778949.0870487805,50.0
1181,16.279069767441854,0.0,60606.0,77230.4814,772304.814,50.0
759,8.510638297872347,4.0,48519.0,76878.7043707317,768787.043707317,50.0
504,50.0,15.0,112536.0,76760.87657142858,767608.7657142858,50.0
1413,21.951219512195124,4.0,65999.0,76344.42951262135,763444.2951262136,50.0
404,0.0,9.0,5783.0,75979.54714285715,759795.4714285715,50.0
38,0.0,6.0,12769.0,75977.22411670654,759772.2411670653,50.0
576,30.434782608695656,0.0,86465.0,75914.16,759141.6,50.0
1180,36.07594936708861,0.0,95182.0,75834.9696,758349.696,50.0
98,44.44444444444444,4.0,200933.0,75659.9572225794,756599.572225794,41.23075583875377
1032,46.808510638297875,0.0,127632.0,75385.04152695653,753850.4152695653,50.0
1257,29.310344827586206,6.0,61274.0,75219.127,752191.2699999999,50.0
1209,50.0,3.0,115788.0,75186.30008337226,751863.0008337225,35.598490811199355
116,11.111111111111114,0.0,37265.0,75081.4864864865,750814.8648648649,50.0
771,27.5,4.0,82911.0,74734.28257699116,747342.8257699115,50.0
1447,0.0,4.0,29775.0,74398.55833333333,743985.5833333334,50.0
766,28.070175438596493,6.0,64818.0,74328.57810000001,743285.7810000001,50.0
1262,29.310344827586206,6.0,65000.0,74310.46606386555,743104.6606386554,50.0
211,13.402061855670098,0.0,48411.0,74213.67714285715,742136.7714285714,50.0
1116,50.0,12.0,11681.0,74075.8355090909,740758.355090909,50.0
291,27.777777777777786,9.0,90635.0,73794.76746915237,737947.6746915237,49.09476701745375
1084,53.96825396825397,6.0,122922.0,73517.70630809058,735177.0630809057,47.22901887397622
770,25.9493670886076,0.0,80325.0,73492.07031570248,734920.7031570248,50.0
775,44.44444444444444,6.0,104355.0,73009.02392307691,730090.2392307691,50.0
1121,31.847133757961785,0.0,85732.0,72584.385888,725843.8588800001,50.0
1294,12.0,6.0,15649.0,72420.77986567163,724207.7986567164,50.0
1386,31.818181818181827,1.0,82035.0,71657.00641379312,716570.0641379311,50.0
1157,12.328767123287676,0.0,37107.0,71458.93513432836,714589.3513432835,50.0
231,10.294117647058826,0.0,33739.0,71213.28581052633,712132.8581052633,50.0
1162,37.31343283582089,6.0,72958.0,71153.7405312,711537.4053120001,50.0
445,13.75,0.0,40950.0,70815.84000000001,708158.4,50.0
1108,0.0,8.0,679614.0,70793.63583333335,707936.3583333334,50.0
1030,24.305555555555557,0.0,68030.0,70563.44734513275,705634.4734513274,50.0
894,41.61490683229814,0.0,101555.0,70378.58123076927,703785.8123076926,50.0
232,4.545454545454547,1.0,24345.0,70341.59487428571,703415.9487428571,50.0
131,23.80952380952381,4.0,66661.0,70327.9518,703279.5179999999,50.0
276,34.848484848484844,6.0,70837.0,69844.41857142857,698444.1857142857,50.0
1337,7.407407407407405,6.0,14744.0,69802.26244800001,698022.62448,50.0
1309,21.276595744680847,4.0,58041.0,69723.29238679247,697232.9238679247,50.0
409,13.75,0.0,38500.0,69598.3152631579,695983.152631579,50.0
300,21.05263157894737,0.0,62800.0,69548.10375,695481.0375,50.0
1366,42.1875,6.0,87977.0,69273.18876521739,692731.8876521739,50.0
1224,7.692307692307693,6.0,23481.0,69048.57780576924,690485.7780576923,50.0
202,27.906976744186053,4.0,74682.0,68832.47498378379,688324.7498378379,50.0
293,87.5,6.0,408000.0,68712.14605734777,687121.4605734777,20.12869258390233
776,49.20634920634921,6.0,104667.0,68523.56721984634,685235.6721984633,49.48663429688298
327,40.625,0.0,99325.0,68458.27953488372,684582.7953488373,50.0
1254,10.909090909090907,0.0,24979.0,68416.18708073396,684161.8708073396,50.0
1256,19.04761904761905,6.0,37917.0,68065.38348648649,680653.8348648649,50.0
79,17.74193548387096,6.0,36240.0,67915.06391313193,679150.6391313192,50.0
259,29.936305732484087,0.0,77469.0,67656.984,676569.84,50.0
1436,33.33333333333334,5.0,11302.0,67351.49890909091,673514.989090909,50.0
537,25.850340136054413,0.0,73200.0,67350.33789473683,673503.3789473684,50.0
350,33.76623376623377,0.0,83800.0,67065.62142857145,670656.2142857144,50.0
1189,50.0,6.0,98212.0,65806.46130389613,658064.6130389612,50.0
1186,36.36363636363637,4.0,157070.0,65774.49025488456,657744.9025488455,43.827367914900954
1324,36.36363636363637,1.0,84688.0,65545.28235445546,655452.8235445545,50.0
971,42.85714285714286,4.0,301307.0,65238.95554551715,652389.5554551715,28.74533851742438
1261,27.272727272727266,6.0,42942.0,64499.15,644991.5,50.0
8,20.15503875968993,0.0,60809.0,63939.09664909091,639390.9664909091,50.0
147,42.42424242424242,6.0,82548.0,63601.674418604656,636016.7441860465,50.0
567,45.45454545454546,1.0,82670.0,63166.05207692308,631660.5207692308,50.0
1023,36.25000000000001,0.0,87976.0,63034.113000000005,630341.13,50.0
1312,34.883720930232556,4.0,75000.0,62922.782903773594,629227.8290377359,50.0
1091,52.94117647058824,4.0,233341.0,62693.61435926245,626936.1435926245,33.35987550724012
344,35.031847133757964,0.0,77500.0,62486.28827586208,624862.8827586208,50.0
945,72.72727272727273,6.0,332447.0,62026.17735501933,620261.7735501933,21.8256937904813
886,30.555555555555557,0.0,69799.0,60953.817546,609538.1754599999,50.0
1420,63.63636363636363,1.0,95079.0,60833.61768571427,608336.1768571427,50.0
338,9.523809523809518,1.0,23803.0,60351.14400000001,603511.4400000001,50.0
11,16.666666666666657,0.0,49073.0,60144.92670234977,601449.2670234976,50.0
585,13.333333333333329,9.0,132394.0,59884.80007321977,598848.0007321977,34.88676592898688
753,19.277108433734938,0.0,39558.0,59622.390309090915,596223.9030909091,50.0
54,0.0,0.0,7867.0,58755.04741462886,587550.4741462886,50.0
1239,15.384615384615387,6.0,31300.0,58691.06685142857,586910.6685142857,50.0
387,49.044585987261144,0.0,104200.0,58593.39081081082,585933.9081081082,50.0
418,50.0,1.0,86120.0,58501.08352941177,585010.8352941177,50.0
247,27.941176470588232,0.0,64560.0,58448.50780173914,584485.0780173914,50.0
352,58.59375,0.0,144900.0,58244.57982259292,582445.7982259291,42.38725031281119
1394,10.0,1.0,16351.0,58231.69816513761,582316.9816513761,50.0
951,53.125,6.0,103924.0,58225.93890586193,582259.3890586193,45.604919519012924
769,37.17948717948718,0.0,77263.0,58168.216586440685,581682.1658644069,50.0
901,51.282051282051285,0.0,107730.0,58025.62211164207,580256.2211164207,49.64383384959203
899,67.08860759493672,0.0,225014.0,57940.50751161412,579405.0751161412,32.0331379746605
876,20.0,0.0,55240.0,57646.64000000001,576466.4,50.0
1310,26.08695652173914,4.0,57274.0,57645.22165294119,576452.2165294118,50.0
1424,6.25,4.0,24103.0,57614.173838709685,576141.7383870968,50.0
1167,33.33333333333334,6.0,52748.0,57480.67150819671,574806.7150819671,50.0
173,39.75155279503105,0.0,90903.0,57239.685857142846,572396.8585714285,50.0
1278,37.17948717948718,0.0,79949.0,57145.01187272728,571450.1187272727,50.0
900,52.348993288590606,0.0,111623.0,57035.674264900226,570356.7426490022,48.32678378058047
1235,25.0,9.0,278369.0,56731.9466326512,567319.4663265119,19.446244911148412
743,4.761904761904773,1.0,12185.0,56236.34347826088,562363.4347826088,50.0
1083,48.12499999999999,0.0,100813.0,56230.02016097561,562300.2016097561,50.0
1026,30.555555555555557,4.0,88480.0,56111.609383333336,561116.0938333333,50.0
1105,0.0,2.0,33215.0,56058.190077881285,560581.9007788128,46.25965950175412
1349,0.0,5.0,7919.0,56043.6666923077,560436.666923077,50.0
1043,12.5,6.0,27889.0,56031.27514285714,560312.7514285714,50.0
1153,0.0,13.0,89456.0,55992.12293588169,559921.2293588169,42.1900650540875
867,21.42857142857143,9.0,65913.0,55247.51182795894,552475.1182795893,49.82067481846294
1125,0.0,8.0,271492.0,55128.78955102042,551287.8955102041,50.0
123,26.356589147286826,0.0,61204.0,54485.561671428586,544855.6167142858,50.0
1046,65.51724137931035,0.0,201350.0,54027.85599796726,540278.5599796725,32.93672267059164
254,50.0,1.0,254766.0,53932.756126901324,539327.5612690132,24.889018163510332
1271,0.0,9.0,20540.0,53895.079075247515,538950.7907524751,50.0
275,43.939393939393945,6.0,70832.0,53729.57526315789,537295.7526315788,50.0
908,43.55828220858896,0.0,91254.0,53404.124851376146,534041.2485137614,50.0
1202,17.85714285714286,6.0,16805.0,53179.8347478261,531798.347478261,50.0
33,14.285714285714292,4.0,38686.0,53020.556011489534,530205.5601148953,50.0
1380,65.88235294117646,0.0,204029.0,53003.53519554923,530035.3519554923,32.22595783231759
467,25.0,9.0,47439.0,52933.36829268292,529333.6829268292,50.0
1226,18.64406779661016,0.0,27995.0,52793.49980917431,527934.9980917431,50.0
957,55.4054054054054,0.0,111195.0,52568.90483005744,525689.0483005744,46.38969163307325
1236,43.85964912280702,6.0,61756.0,52483.25888035714,524832.5888035714,50.0
1100,50.0,4.0,174924.0,51969.687210475764,519696.8721047576,35.63130747903778
1031,47.53086419753087,0.0,93206.0,51952.44801,519524.4801,50.0
174,44.72049689440993,0.0,90900.0,51874.90415593221,518749.04155932204,50.0
751,23.4375,6.0,37485.0,51682.473257142854,516824.7325714285,50.0
942,30.434782608695656,4.0,57334.0,51662.16587244096,516621.6587244095,50.0
934,36.8421052631579,1.0,170607.0,51660.21242525007,516602.1242525007,32.15609776654338
62,15.384615384615387,4.0,42731.0,51510.54056091046,515105.40560910455,50.0
994,55.4140127388535,0.0,108392.0,51287.660146744274,512876.6014674427,46.41099388551791
297,35.71428571428571,0.0,66200.0,50950.03714285713,509500.3714285713,50.0
875,52.38095238095239,4.0,177708.0,50260.226788653934,502602.26788653934,34.51020108362861
1230,13.513513513513516,6.0,22524.0,50214.361165048555,502143.6116504855,50.0
1375,54.83870967741936,6.0,115288.0,50103.03707730407,501030.3707730407,39.40592524920033
1205,0.0,8.0,178270.0,50093.77184210527,500937.7184210527,50.0
156,20.0,9.0,43681.0,49682.12100000001,496821.21,50.0
823,10.526315789473685,9.0,35253.0,49625.36277000001,496253.62770000007,50.0
239,35.71428571428571,4.0,106440.0,49491.7605600277,494917.60560027696,46.41896792266834
1015,0.0,7.0,4607.0,49213.021315384605,492130.21315384604,50.0
747,23.94366197183099,0.0,30531.0,49163.985771428575,491639.8577142857,50.0
364,44.8051948051948,0.0,83800.0,48624.57,486245.69999999995,50.0
373,20.0,0.0,46484.0,48431.85000000001,484318.5000000001,50.0
889,58.74125874125874,0.0,126077.0,48350.17244721975,483501.7244721975,41.2430578433216
20,56.493506493506494,0.0,110272.0,48279.09880413831,482790.9880413831,44.48614653982065
1022,46.15384615384615,0.0,84346.0,48205.42685217391,482054.26852173905,50.0
347,39.735099337748345,0.0,75900.0,48188.262272727276,481882.62272727274,50.0
213,23.469387755102048,0.0,49662.0,48109.244173684216,481092.44173684216,50.0
426,54.32098765432099,0.0,101400.0,48030.55017673101,480305.5017673101,46.4375644103905
485,6.451612903225808,9.0,22000.0,47515.043000000005,475150.43000000005,50.0
587,100.0,13.0,53234.0,46776.21,467762.1,50.0
126,14.285714285714292,0.0,21539.0,46765.12727272727,467651.2727272727,50.0
90,38.095238095238095,4.0,59200.0,46719.10848623405,467191.0848623405,50.0
627,30.25210084033614,0.0,56637.0,46693.32692307692,466933.2692307692,50.0
109,31.66666666666667,0.0,56995.0,46250.98575789474,462509.8575789474,50.0
1338,22.535211267605632,0.0,31415.0,46024.73941176471,460247.3941176471,50.0
625,29.310344827586206,0.0,55516.0,45860.373900000006,458603.739,50.0
1383,58.064516129032256,0.0,105612.0,45751.3266687495,457513.26668749494,44.22452702025055
238,32.30769230769231,6.0,45017.0,45499.119463636365,454991.1946363636,50.0
337,14.81481481481481,1.0,22334.0,45407.32727272727,454073.27272727265,50.0
1421,25.51020408163265,0.0,47934.0,45176.57142857143,451765.71428571426,50.0
1223,38.46153846153846,6.0,52141.0,44851.6161,448516.16099999996,50.0
261,51.89873417721519,0.0,89770.0,44697.04690199952,446970.4690199952,47.68049422387802
644,50.0,1.0,261091.0,44665.69499087939,446656.9499087939,21.12185520861513
82,5.26315789473685,6.0,10743.0,44638.33540867049,446383.3540867049,50.0
104,33.846153846153854,6.0,45330.0,44581.80357247536,445818.0357247536,50.0
850,8.333333333333343,9.0,28590.0,44580.72283333333,445807.2283333333,50.0
481,60.256410256410255,0.0,104294.0,44326.48645746085,443264.8645746085,43.75441786263523
283,9.090909090909093,1.0,51920.0,44126.25384615385,441262.5384615385,50.0
593,39.28571428571429,0.0,66203.0,44103.218415384625,441032.18415384623,50.0
471,66.07142857142857,0.0,170000.0,43898.26450644344,438982.6450644344,32.09461425703765
355,68.26923076923077,0.0,182500.0,43856.92336721133,438569.2336721133,30.548331115138737
1351,26.86567164179104,6.0,40611.0,43617.78687446809,436177.86874468083,50.0
505,0.0,15.0,51622.0,43320.770869565225,433207.7086956522,50.0
1279,50.847457627118644,6.0,64743.0,43272.77356,432727.73559999996,50.0
438,21.05263157894737,9.0,36562.0,43241.79333333334,432417.9333333334,50.0
417,42.361111111111114,0.0,69600.0,42809.39000000001,428093.9,50.0
752,38.888888888888886,9.0,38671.0,42740.923299999995,427409.23299999995,50.0
693,47.692307692307686,6.0,57436.0,42512.545454545456,425125.45454545453,50.0
1227,47.74193548387097,0.0,76903.0,42466.36421666667,424663.6421666666,50.0
488,43.05555555555556,0.0,69600.0,42444.91142857143,424449.1142857143,50.0
490,58.38509316770186,0.0,98900.0,42273.48191972893,422734.8191972893,43.89430548639746
473,42.10526315789473,9.0,46007.0,42007.5288,420075.288,50.0
909,42.85714285714286,1.0,66121.0,41948.53136937143,419485.3136937142,49.82561021910176
584,64.34108527131784,0.0,137806.0,41881.64444199439,418816.44441994384,35.74376963275885
450,59.868421052631575,0.0,116872.0,41845.210063119936,418452.1006311993,39.589345796672276
292,11.111111111111114,9.0,33743.0,41623.04266666667,416230.42666666664,50.0
382,28.57142857142857,0.0,47984.0,41332.4957142857,413324.957142857,50.0
472,43.35664335664335,0.0,69400.0,41259.375384615385,412593.7538461538,50.0
457,49.358974358974365,0.0,79700.0,41086.501304372054,410865.0130437205,48.54807288064828
516,0.0,9.0,9000.0,41036.36129032259,410363.6129032259,50.0
47,50.0,11.0,31666.0,40971.740881195125,409717.40881195123,50.0
624,24.444444444444443,0.0,46204.0,40904.06718749999,409040.6718749999,50.0
1321,71.42857142857143,1.0,370024.0,40888.1983294636,408881.983294636,14.746051971291136
545,17.391304347826093,0.0,21903.0,40842.42566037737,408424.2566037736,50.0
999,60.40268456375839,0.0,113580.0,40695.79582562429,406957.9582562429,39.60655093517056
27,42.85714285714286,4.0,59200.0,40653.75787707369,406537.5787707368,50.0
1300,0.0,3.0,25609.0,40622.207960439555,406222.07960439555,50.0
1215,33.33333333333334,8.0,100328.0,40580.429470588235,405804.2947058823,50.0
1443,23.4567901234568,0.0,40311.0,40342.63888888889,403426.3888888889,50.0
52,60.8974358974359,0.0,106523.0,40335.24189493915,403352.41894939146,40.93534519796794
57,46.34146341463414,4.0,65359.0,40311.629740262055,403116.29740262055,50.0
234,70.37037037037038,0.0,179167.0,40148.94004459023,401489.40044590225,29.085693935912253
145,22.222222222222214,6.0,14219.0,39759.03735789473,397590.3735789473,50.0
1229,21.276595744680847,6.0,27646.0,39421.231732173925,394212.3173217392,50.0
614,63.63636363636363,4.0,185200.0,39362.669861150396,393626.69861150393,28.366984312761616
1274,25.0,6.0,17077.0,39359.16666666667,393591.6666666667,50.0
981,67.85714285714286,0.0,167055.0,39289.34039023115,392893.40390231146,30.09299753382255
1255,21.05263157894737,6.0,23702.0,39182.44387096774,391824.43870967743,50.0
3,20.370370370370367,0.0,23685.0,39095.187139888316,390951.8713988831,50.0
501,45.45454545454546,0.0,66404.0,39036.482926829274,390364.8292682927,50.0
996,50.63291139240506,0.0,77632.0,38886.555724680366,388865.55724680366,47.83049811242867
750,25.373134328358205,0.0,35990.0,38865.45185,388654.51849999995,50.0
39,55.0,6.0,64619.0,38826.72623291861,388267.26232918614,47.34428021697691
931,75.60975609756098,0.0,216050.0,38738.02377943106,387380.23779431055,24.709025566643696
326,22.727272727272734,1.0,45548.0,38664.450000000004,386644.5,50.0
1272,37.5,9.0,247471.0,38545.584663385016,385455.84663385013,15.576104621154943
32,42.42424242424242,6.0,48392.0,38317.883304433,383178.83304433,50.0
349,47.36842105263158,9.0,45098.0,38188.377692307695,381883.77692307695,50.0
863,15.625,9.0,19823.0,38137.727336842094,381377.2733684209,50.0
1417,22.857142857142847,4.0,40451.0,38078.87983636363,380788.7983636363,50.0
432,33.33333333333334,9.0,103200.0,38054.115670498635,380541.15670498635,30.40003590930307
979,19.04761904761905,1.0,52357.0,38017.69514444444,380176.9514444444,50.0
745,6.896551724137936,0.0,13512.0,37998.20968474576,379982.0968474576,50.0
155,46.26865671641791,6.0,51688.0,37983.55909090909,379835.5909090909,50.0
599,27.11864406779661,0.0,25996.0,37850.5,378505.0,50.0
918,40.31007751937985,0.0,60621.0,37707.273087500005,377072.730875,50.0
218,3.225806451612897,9.0,16411.0,37422.72,374227.2,50.0
595,75.40983606557377,0.0,270413.0,37359.79858027974,373597.98580279737,20.183599067584947
1228,62.5,6.0,162549.0,37216.06644888604,372160.6644888604,25.51810008945732
650,51.33333333333333,0.0,75228.0,37194.854067256376,371948.5406725637,47.50565867585284
1243,50.0,3.0,237704.0,36857.01797577455,368570.17975774547,11.66006948155883
390,29.82456140350878,6.0,34400.0,36756.001875,367560.01875,50.0
1242,26.31578947368422,6.0,23871.0,36500.56961954887,365005.6961954887,50.0
1038,50.0,13.0,9838.0,36420.305131578956,364203.0513157895,50.0
134,37.5,4.0,49589.0,36227.856,362278.56,50.0
1020,19.230769230769226,1.0,22101.0,36114.002766666665,361140.02766666666,50.0
461,47.55244755244755,0.0,69400.0,35889.74090939197,358897.4090939197,48.62687422973718
958,66.66666666666667,1.0,234819.0,35829.790923921995,358297.90923921997,19.279223932129856
1320,17.64705882352942,1.0,34565.0,35795.873213793115,357958.7321379311,50.0
181,65.625,0.0,148829.0,35767.22926136897,357672.2926136897,30.549427452275363
12,15.625,4.0,37100.0,35736.225892490766,357362.25892490766,50.0
439,61.40350877192983,6.0,62205.0,35171.64693755618,351716.46937556175,45.83158989780928
199,0.0,8.0,405083.0,35147.091,351470.91,50.0
306,35.51401869158879,0.0,51500.0,35145.42206896552,351454.22068965517,50.0
1311,46.51162790697675,4.0,66794.0,35121.21295082738,351212.1295082738,49.48702634692601
177,44.99999999999999,1.0,167066.0,35028.76739144488,350287.6739144488,24.709764907604107
1427,71.42857142857143,0.0,180625.0,34916.147204762805,349161.472047628,26.134740565038257
1082,53.84615384615385,6.0,57394.0,34905.390809652454,349053.90809652454,47.646049256638605
459,16.666666666666657,1.0,36744.0,34883.17695652174,348831.7695652174,50.0
433,33.33333333333334,1.0,23055.0,34880.912142857145,348809.1214285714,50.0
554,38.888888888888886,1.0,26187.0,34691.79,346917.89999999997,50.0
949,47.22222222222222,4.0,86786.0,34546.43492994943,345464.3492994943,42.583798032107886
1128,56.25,6.0,58703.0,34350.71122933243,343507.1122933243,46.68493761556853
442,54.16666666666667,0.0,70800.0,34073.67928397476,340736.79283974756,46.83331308645663
612,55.128205128205124,0.0,77055.0,34028.14456047552,340281.4456047552,44.699121338444826
452,67.19999999999999,0.0,155100.0,33980.594962082476,339805.9496208248,28.62261570109973
1296,5.555555555555557,6.0,8836.0,33903.30643829787,339033.06438297866,50.0
559,34.375,0.0,48994.0,33729.25692307692,337292.56923076924,50.0
864,9.090909090909093,9.0,16584.0,33563.5896,335635.89599999995,50.0
1233,33.33333333333334,0.0,43143.0,33512.417557377055,335124.17557377054,50.0
1307,51.21951219512195,4.0,66013.0,33498.35724024189,334983.5724024189,48.59869187278071
675,50.0,5.0,3853.0,33353.700000000004,333537.00000000006,50.0
781,52.631578947368425,4.0,128044.0,33319.05218157467,333190.5218157467,32.652237450995955
778,70.0,1.0,108339.0,33139.9834160739,331399.834160739,32.377931245803666
1277,43.07692307692308,6.0,45240.0,33043.772527272726,330437.72527272726,50.0
1265,50.0,2.0,35605.0,33019.166031847475,330191.66031847475,32.11089428419506
868,50.0,9.0,60000.0,32985.697292231955,329856.97292231955,39.438158905899456
509,0.0,7.0,10578.0,32969.574,329695.74,50.0
851,11.764705882352942,9.0,16682.0,32702.242819354855,327022.4281935485,50.0
248,26.41509433962264,0.0,24643.0,32531.296599999998,325312.96599999996,50.0
330,50.35971223021583,0.0,65000.0,32294.614909326414,322946.14909326413,47.62702808089054
491,52.77777777777778,0.0,66600.0,32154.962176325214,321549.62176325213,46.91290030041932
440,35.0,9.0,35033.0,32125.887096774197,321258.87096774194,50.0
997,37.5,6.0,38173.0,31850.69685981308,318506.9685981308,50.0
668,30.434782608695656,1.0,47275.0,31714.120000000003,317141.2,50.0
210,55.94405594405594,0.0,71248.0,31610.228375523002,316102.28375523,44.81398135537217
977,11.111111111111114,6.0,8837.0,31498.457142857143,314984.5714285714,50.0
105,42.00000000000001,0.0,50623.0,31210.35406451613,312103.5406451613,50.0
553,33.33333333333334,0.0,37800.0,31193.63,311936.3,50.0
392,45.04504504504504,0.0,53000.0,31124.971578947363,311249.7157894736,50.0
374,66.66666666666667,4.0,350000.0,31082.0497599558,310820.497599558,14.197108424240511
58,53.84615384615385,4.0,83379.0,31061.405154133718,310614.05154133716,40.971537177849335
1079,10.34482758620689,0.0,14185.0,30656.199944444452,306561.9994444445,50.0
1042,32.69230769230769,6.0,29547.0,30300.54548275862,303005.4548275862,50.0
479,50.0,9.0,43955.0,30243.347367000344,302433.4736700034,44.90398624110533
1270,26.923076923076934,1.0,18551.0,30240.86376699029,302408.6376699029,50.0
1234,34.44444444444444,0.0,46037.0,30195.55471698114,301955.5471698114,50.0
1266,3.225806451612897,9.0,13469.0,30151.96553465347,301519.6553465347,50.0
1057,31.034482758620683,0.0,26372.0,30125.04810810811,301250.4810810811,50.0
1124,68.42105263157895,4.0,153299.0,30092.005810307048,300920.0581030705,26.77942818771186
129,48.14814814814815,4.0,102957.0,29498.97765203641,294989.7765203641,34.803960535418426
1006,23.91304347826086,6.0,26948.0,29338.288623529414,293382.8862352941,50.0
85,25.0,4.0,37241.0,29234.79274631921,292347.9274631921,50.0
67,12.5,4.0,24456.0,29197.89215579544,291978.9215579544,50.0
1120,100.0,12.0,70040.0,29009.178000000004,290091.78,50.0
204,39.13043478260869,4.0,30949.0,28573.706841666673,285737.0684166667,50.0
66,31.25,4.0,37241.0,28546.957098473373,285469.5709847337,50.0
746,33.33333333333334,6.0,17879.0,28534.703550000002,285347.0355,50.0
600,40.0,0.0,44182.0,28440.800384210524,284408.0038421052,50.0
157,0.0,6.0,5258.0,28251.218999999997,282512.18999999994,50.0
149,58.82352941176471,6.0,81881.0,27744.189509559015,277441.89509559015,33.64466324540735
185,61.53846153846153,0.0,84300.0,27718.094767018712,277180.9476701871,37.57094245894046
77,18.75,4.0,24456.0,27712.26271427734,277122.6271427734,50.0
294,14.81481481481481,1.0,14913.0,27601.3712195122,276013.712195122,50.0
1305,37.142857142857146,4.0,37803.0,27444.68167764707,274446.8167764707,50.0
484,20.0,9.0,18000.0,27443.503199999996,274435.03199999995,50.0
100,25.0,4.0,24456.0,27276.698897150265,272766.98897150264,50.0
806,50.0,7.0,28693.0,27192.49854,271924.9854,50.0
266,33.80281690140845,0.0,30543.0,26918.69785714286,269186.97857142857,50.0
826,25.0,9.0,19446.0,26886.9804,268869.804,50.0
578,53.48837209302326,4.0,71994.0,26829.89162643303,268298.91626433027,40.98034717733388
895,50.0,0.0,55087.0,26389.75066543713,263897.5066543713,46.71868500630527
49,31.25,4.0,24456.0,26249.469381664705,262494.69381664705,50.0
368,0.0,11.0,16500.0,26096.376923076925,260963.76923076925,50.0
34,41.02564102564102,4.0,42731.0,26005.12268084296,260051.22680842958,50.0
277,11.111111111111114,0.0,12761.0,25763.0005018868,257630.005018868,50.0
1044,68.50393700787401,0.0,150673.0,25468.759893817933,254687.59893817932,23.6283770922826
128,57.142857142857146,4.0,102774.0,25436.921439673428,254369.21439673426,31.56053034817144
967,66.66666666666667,1.0,119262.0,25339.98956625044,253399.89566250436,24.957661162822028
563,40.38461538461539,6.0,31346.0,25185.12882352941,251851.28823529408,50.0
664,29.166666666666657,1.0,49492.0,25133.376735257247,251333.76735257247,44.28639203271009
435,36.0,6.0,29916.0,25047.19024390244,250471.9024390244,50.0
92,26.31578947368422,6.0,10779.0,24914.22514437053,249142.2514437053,50.0
389,52.10084033613445,0.0,57165.0,24691.775150063764,246917.75150063762,44.152503029233614
524,26.66666666666667,9.0,134114.0,24613.416511579813,246134.16511579813,17.8571010215758
965,46.34146341463414,4.0,45086.0,24606.287889473682,246062.87889473682,50.0
779,57.69230769230769,4.0,113000.0,24461.732763508408,244617.32763508405,28.74114103967113
1335,28.57142857142857,9.0,136817.0,24418.90392407512,244189.03924075118,17.451688134359394
1014,50.0,6.0,43094.0,24342.999766260866,243429.99766260863,45.80814633432806
59,62.5,1.0,81337.0,24304.649034918923,243046.4903491892,31.86753569212904
762,50.877192982456144,0.0,53651.0,24266.843622252614,242668.43622252613,45.29167593263671
969,77.65957446808511,0.0,193723.0,24213.11591731557,242131.15917315567,18.617802463941675
0,5.882352941176478,0.0,7432.0,23978.524489401836,239785.24489401834,50.0
447,33.33333333333334,9.0,21472.0,23923.967441860474,239239.67441860473,50.0
632,43.75,0.0,41297.0,23852.020000000004,238520.2,50.0
723,73.33333333333333,0.0,160038.0,23714.25388328892,237142.53883288917,21.335183934439517
1138,42.85714285714286,0.0,39988.0,23611.1565,236111.565,50.0
305,18.75,6.0,8637.0,23532.587368421053,235325.87368421053,50.0
502,5.555555555555557,9.0,6010.0,23222.87230769231,232228.72307692308,50.0
273,64.58333333333333,6.0,140345.0,23084.605135061174,230846.05135061173,19.75200254682679
216,70.54263565891472,0.0,137065.0,22930.93581168193,229309.3581168193,23.442852774895208
991,54.16666666666667,0.0,57811.0,22908.3117343549,229083.11734354898,42.03875345410936
1364,50.0,14.0,74922.0,22861.816644124643,228618.1664412464,9.800561494165859
112,35.61643835616438,0.0,32206.0,22821.061016129035,228210.61016129033,50.0
1231,17.241379310344826,0.0,13220.0,22812.22911081081,228122.2911081081,50.0
1002,55.0,1.0,161969.0,22770.19968337737,227701.99683377368,18.036375650784827
1237,50.74626865671642,6.0,42755.0,22671.31547695976,226713.15476959758,44.24277644597586
1027,38.70967741935484,4.0,35465.0,22640.14666046512,226401.46660465118,50.0
61,51.42857142857143,4.0,38686.0,22626.20979290362,226262.0979290362,50.0
550,22.58064516129032,9.0,16000.0,22427.0956097561,224270.956097561,50.0
907,36.36363636363637,1.0,44564.0,22420.915075054767,224209.15075054765,44.05661287249433
1173,50.0,5.0,13091.0,22420.131636363636,224201.31636363635,50.0
920,65.60509554140128,0.0,85623.0,22341.3381116107,223413.381116107,32.32187614992096
93,44.26229508196722,6.0,33370.0,22305.776371278916,223057.76371278914,50.0
437,5.882352941176478,1.0,11651.0,22241.48896551724,222414.8896551724,50.0
441,0.0,9.0,3267.0,22038.700000000004,220387.00000000003,50.0
496,29.032258064516128,9.0,16200.0,21867.713142857145,218677.13142857145,50.0
40,47.36842105263158,1.0,26944.0,21831.034153696408,218310.34153696406,50.0
117,19.354838709677423,0.0,15489.0,21728.815379220785,217288.15379220783,50.0
6,41.17647058823529,4.0,27926.0,21706.32748313991,217063.2748313991,50.0
1356,65.6441717791411,0.0,91253.0,21687.77196866558,216877.7196866558,30.313979941273427
380,65.40880503144655,0.0,95100.0,21680.302040414485,216803.02040414483,29.441678327506605
682,50.0,1.0,64153.0,21676.771556932836,216767.71556932834,34.59335495502529
141,50.76923076923077,6.0,44789.0,21623.057290130786,216230.57290130784,41.942565847815125
915,84.70588235294117,0.0,205141.0,21448.28326490475,214482.8326490475,16.062887062483902
533,0.0,4.0,11900.0,21368.465806451615,213684.65806451614,50.0
410,58.64661654135339,0.0,64113.0,21280.41760970255,212804.17609702545,37.79253702097669
992,65.67164179104478,6.0,51483.0,21044.30851866759,210443.0851866759,37.952832750210256
1025,62.264150943396224,4.0,52034.0,20909.614695730124,209096.14695730124,42.81507682336565
151,46.0,6.0,30495.0,20871.988235294117,208719.88235294115,50.0
887,61.36363636363637,4.0,69754.0,20839.665663865744,208396.65663865744,35.75926054882094
684,68.29268292682927,6.0,152471.0,20766.519950931717,207665.19950931717,16.930490646583852
19,45.16129032258065,6.0,18717.0,20763.792094104778,207637.92094104775,50.0
180,32.075471698113205,0.0,24586.0,20630.670455696214,206306.70455696213,50.0
56,65.0,4.0,60088.0,20597.503364875403,205975.033648754,38.975266483912776
1103,66.66666666666667,7.0,23903.0,20495.87211428571,204958.7211428571,50.0
26,34.78260869565217,6.0,26953.0,20477.852442592288,204778.52442592286,50.0
388,38.095238095238095,9.0,30810.0,20445.82600273011,204458.2600273011,44.0108627436272
570,80.85106382978724,0.0,193202.0,20437.39766965029,204373.97669650288,16.221032407491247
542,60.41666666666667,0.0,66900.0,20293.882107480953,202938.82107480953,35.70059633680422
296,48.38709677419355,9.0,22000.0,20267.53161290323,202675.31612903226,50.0
935,28.57142857142857,6.0,16135.0,20043.417864000003,200434.17864,50.0
478,61.53846153846153,4.0,31283.0,19947.98,199479.8,50.0
1178,69.56521739130434,0.0,133072.0,19811.264018254053,198112.64018254052,21.414092889345962
884,44.99999999999999,0.0,38598.0,19792.004914233552,197920.0491423355,48.41488481955369
1325,61.904761904761905,1.0,155177.0,19781.848089167175,197818.48089167173,16.634796904772482
148,68.75,6.0,174601.0,19659.273610502365,196592.73610502365,14.419408571810092
995,46.666666666666664,0.0,46230.0,19605.034938092576,196050.34938092576,43.70001105317041
494,62.06896551724138,0.0,72800.0,19533.35098935467,195333.5098935467,32.935668586044116
654,52.4390243902439,0.0,43910.0,19526.083424070384,195260.83424070384,44.87074823258059
1093,57.35294117647059,6.0,47578.0,19510.52043266712,195105.2043266712,38.02833225992256
317,32.14285714285714,6.0,16098.0,19381.135000000006,193811.35000000003,50.0
1203,66.66666666666667,4.0,138602.0,19262.608535556206,192626.08535556204,20.568203286731418
835,33.33333333333334,1.0,17220.0,19243.051220689656,192430.51220689656,50.0
133,65.85365853658536,4.0,64723.0,19186.573147216066,191865.73147216067,35.58052351323913
515,61.65413533834587,0.0,63900.0,19107.750347674068,191077.50347674068,35.371963693445096
626,40.0,9.0,130581.0,19105.243203113485,191052.43203113484,14.770803449322159
520,36.170212765957444,6.0,27600.0,19067.80857142857,190678.0857142857,50.0
367,44.827586206896555,1.0,20584.0,19028.225625000003,190282.25625,50.0
35,51.282051282051285,4.0,41617.0,19002.035658062236,190020.35658062235,45.966922595439605
1096,66.66666666666667,8.0,83772.0,18858.896842105267,188588.96842105265,50.0
143,51.5625,6.0,40085.0,18837.44291277326,188374.42912773258,41.28769377441041
1260,60.9375,6.0,86455.0,18636.739885318744,186367.39885318745,24.38994438472866
1198,67.3076923076923,0.0,85164.0,18426.05150901184,184260.5150901184,28.36725597534594
454,36.36363636363637,9.0,16576.0,18421.50705882353,184215.07058823528,50.0
906,57.142857142857146,4.0,39649.0,18403.35112225282,184033.5112225282,46.37525336248777
580,67.51592356687898,0.0,104016.0,18191.558264130705,181915.58264130703,24.248737766207675
1433,42.3728813559322,0.0,28084.0,18185.994642857146,181859.94642857145,50.0
449,0.0,4.0,18340.0,18172.283076923075,181722.83076923076,50.0
1058,66.66666666666667,0.0,84346.0,17916.62627682634,179166.2627682634,27.9951594934468
383,50.0,15.0,27318.0,17892.675428571427,178926.75428571427,50.0
401,20.0,1.0,12660.0,17886.595813953485,178865.95813953484,50.0
968,73.38709677419355,0.0,153999.0,17731.646938646376,177316.46938646375,17.40633780988587
1372,24.13793103448276,0.0,16289.0,17722.05091034483,177220.5091034483,50.0
468,53.125,6.0,40000.0,17720.568595977384,177205.68595977384,39.86525570081273
1428,44.067796610169495,0.0,28432.0,17545.881818181817,175458.81818181818,50.0
386,37.03703703703704,1.0,17262.0,17544.500625,175445.00625,50.0
960,55.93220338983051,0.0,56137.0,17523.082402457578,175230.82402457576,36.35984600920435
1280,70.73170731707317,4.0,79900.0,17518.35840405848,175183.5840405848,29.003003381696562
840,100.0,7.0,41861.0,17378.708264516128,173787.08264516128,50.0
321,37.5,9.0,15913.0,17357.73627906977,173577.3627906977,50.0
320,70.3225806451613,0.0,105500.0,17111.792188802643,171117.9218880264,22.891522404637872
353,69.62025316455696,0.0,99700.0,17095.242380151434,170952.42380151432,23.88728655471743
17,48.14814814814815,6.0,15250.0,16703.400777693103,167034.00777693102,50.0
1068,71.62162162162161,0.0,112956.0,16681.747652595153,166817.47652595153,21.279043985305726
1134,73.17073170731707,6.0,152946.0,16668.68697800896,166686.8697800896,14.021779790406349
885,62.857142857142854,4.0,40697.0,16574.050464051874,165740.50464051872,43.14278698795631
535,50.0,3.0,15000.0,16315.774218432047,163157.74218432046,48.07695548210639
1003,70.44025157232704,0.0,94751.0,16277.954890026142,162779.5489002614,23.922299603089325
455,50.0,3.0,29192.0,16176.256185631222,161762.5618563122,32.051803949201236
652,74.19354838709677,0.0,150887.0,16110.011006851077,161100.11006851075,16.34753470004256
532,0.0,1.0,7133.0,16097.751428571426,160977.51428571425,50.0
1095,46.57534246575342,0.0,32256.0,15898.159399016962,158981.5939901696,47.42716951416329
651,12.5,8.0,306140.0,15850.701331984274,158507.01331984272,38.83401932396185
749,61.29032258064516,4.0,35936.0,15584.70695302221,155847.0695302221,44.69105736525588
396,41.17647058823529,9.0,16768.0,15547.39756097561,155473.9756097561,50.0
1012,33.33333333333334,0.0,23112.0,15486.148269565218,154861.48269565217,50.0
63,61.53846153846153,4.0,41617.0,15456.289135398236,154562.89135398236,40.897495635620395
839,48.14814814814815,6.0,14150.0,15441.528130434783,154415.28130434782,50.0
403,52.57731958762887,0.0,49500.0,15225.529295092496,152255.29295092495,36.01985341697016
290,68.65671641791045,6.0,51732.0,15109.170008145302,151091.70008145302,30.413078687179418
555,35.55555555555556,0.0,22400.0,14671.40727272727,146714.0727272727,50.0
370,38.70967741935484,1.0,15960.0,14648.966153846151,146489.6615384615,50.0
513,47.05882352941176,9.0,112283.0,14648.186949859759,146481.86949859757,13.384672858579133
358,68.35443037974683,0.0,77700.0,14396.439192217467,143964.39192217466,25.324536495621906
827,14.285714285714292,6.0,5839.0,14342.290090909091,143422.9009090909,50.0
458,0.0,1.0,4589.0,14321.833500000002,143218.33500000002,50.0
342,25.0,4.0,15420.0,14318.99294117647,143189.9294117647,50.0
832,41.666666666666664,9.0,26507.0,14317.961086067962,143179.61086067962,39.018022096467924
521,6.896551724137936,9.0,12000.0,14252.014615384614,142520.14615384614,50.0
391,73.41772151898735,0.0,87107.0,14185.536682526094,141855.36682526092,22.962713270819634
351,62.295081967213115,0.0,58908.0,14077.558503209235,140775.58503209235,30.430127898931808
674,68.18181818181819,1.0,149704.0,14009.011911926431,140090.1191192643,12.776214907884526
421,20.0,1.0,11274.0,13884.44896551724,138844.4896551724,50.0
618,76.5625,0.0,148032.0,13829.262310861192,138292.6231086119,14.602237550604727
923,43.63636363636364,0.0,24992.0,13801.953718309856,138019.53718309855,50.0
1352,61.19402985074627,6.0,42755.0,13777.744167570781,137777.4416757078,32.53350111961487
495,53.191489361702125,0.0,47500.0,13755.991273754895,137559.91273754893,34.643229776221354
271,69.23076923076923,0.0,71421.0,13689.517557389738,136895.17557389737,25.971218566713087
855,69.23076923076923,6.0,48300.0,13634.599722499843,136345.99722499843,29.697382886053862
1009,42.553191489361694,0.0,21892.0,13488.890188235293,134888.90188235292,50.0
1016,20.0,7.0,10103.0,13472.346187500001,134723.461875,50.0
1331,82.14285714285714,0.0,171008.0,13287.440108144343,132874.40108144342,12.45103411128714
1194,57.37704918032787,6.0,35829.0,13253.771560086392,132537.7156008639,35.63126240383722
258,70.62937062937063,0.0,71224.0,13160.150060070004,131601.50060070003,25.272336456440357
742,47.36842105263158,1.0,31829.0,13158.072458544159,131580.72458544158,39.286741047354504
315,58.62068965517241,1.0,20644.0,13100.290477956623,131002.90477956622,49.831926574838754
988,47.5,6.0,24463.0,13034.738562084875,130347.38562084874,44.3622515513822
1168,75.0,6.0,577101.0,13004.823082250265,130048.23082250264,3.2621249277804445
1406,71.42857142857143,4.0,136522.0,12966.506575975498,129665.06575975497,15.035392396456789
9,45.652173913043484,6.0,27000.0,12600.24486916106,126002.4486916106,41.118959739453835
1,0.0,0.0,2720.0,12400.011717503308,124000.11717503308,50.0
360,72.22222222222223,0.0,69600.0,12238.729530439881,122387.29530439881,24.348582271219062
72,30.0,8.0,387638.0,12118.201716411615,121182.01716411614,27.71126965566143
43,33.33333333333334,11.0,59071.0,12068.357655178273,120683.57655178272,19.6760314774572
398,66.15384615384616,0.0,62200.0,12063.219644001581,120632.1964400158,26.198104806552045
633,100.0,8.0,98539.0,11934.624,119346.23999999999,50.0
465,22.222222222222214,6.0,6400.0,11932.24046511628,119322.40465116278,50.0
196,50.0,1.0,40531.0,11888.49121452931,118884.91214529308,31.465858160961
253,71.63120567375887,0.0,65907.0,11861.07969185671,118610.7969185671,24.77803510496611
197,52.94117647058824,9.0,102856.0,11802.411988046964,118024.11988046963,11.965653653384706
552,50.0,9.0,20110.0,11683.485221039373,116834.85221039373,40.76469049765626
333,67.1875,0.0,59900.0,11495.76315834364,114957.63158343639,25.995519887490527
950,43.75,1.0,16052.0,11486.550000000001,114865.5,50.0
343,58.064516129032256,9.0,22000.0,11480.477869373944,114804.77869373944,38.20030122869397
764,64.46280991735537,0.0,58307.0,11240.843642451988,112408.43642451987,26.082756331326273
198,74.35897435897436,6.0,163959.0,11236.08337133818,112360.83371338178,9.301077123190048
549,25.0,9.0,12754.0,11054.268333333335,110542.68333333335,50.0
1199,0.0,15.0,10559.0,10889.520486486488,108895.20486486488,50.0
469,33.33333333333334,9.0,13044.0,10799.792106930074,107997.92106930073,49.513464724224754
1316,47.82608695652174,1.0,49975.0,10748.93374074896,107489.3374074896,25.187277273171826
1166,71.1864406779661,6.0,63771.0,10603.71438935186,106037.1438935186,19.924442894174042
324,42.10526315789473,1.0,11910.0,10597.257209302326,105972.57209302325,50.0
1028,75.47169811320755,0.0,81390.0,10594.848441314512,105948.48441314511,19.24159048240738
470,56.0,9.0,24618.0,10581.056464450137,105810.56464450137,33.73617858175818
325,70.24793388429752,0.0,59200.0,10572.668071263435,105726.68071263435,24.6354077525969
529,41.93548387096774,9.0,14519.0,10476.620031540995,104766.20031540995,46.08372132077766
311,60.60606060606061,0.0,50000.0,10452.363776404934,104523.63776404934,27.67384018597098
498,48.14814814814815,1.0,14842.0,10435.788,104357.87999999999,50.0
394,12.5,1.0,3545.0,10293.854634146343,102938.54634146341,50.0
1115,100.0,12.0,42028.0,10179.269560975612,101792.6956097561,50.0
178,51.35135135135135,6.0,23392.0,10045.224788104053,100452.24788104053,39.12107078527476
526,14.285714285714292,9.0,7636.0,10041.697500000002,100416.975,50.0
986,60.3448275862069,6.0,34072.0,9971.382242053543,99713.82242053543,30.455803185820447
235,9.090909090909093,0.0,9309.0,9898.06692631579,98980.66926315789,50.0
431,50.0,8.0,1760.0,9822.07935483871,98220.7935483871,50.0
847,23.529411764705884,1.0,9303.0,9817.42990588235,98174.29905882351,50.0
610,64.70588235294117,1.0,30160.0,9769.341647687252,97693.41647687252,33.6439853056511
844,16.666666666666657,1.0,6944.0,9747.52153846154,97475.2153846154,50.0
310,64.51612903225806,9.0,22000.0,9688.280772599754,96882.80772599753,34.28124093000367
207,53.333333333333336,9.0,99700.0,9634.610633481027,96346.10633481026,10.271047803394929
87,15.384615384615387,1.0,6412.0,9611.56510541845,96115.65105418449,50.0
812,36.8421052631579,1.0,9894.0,9594.37220625,95943.72206249999,50.0
1052,0.0,11.0,45305.0,9593.9332421934,95939.332421934,20.249060107104217
838,58.82352941176471,9.0,18414.0,9562.064159393261,95620.64159393261,38.084379745412654
1141,50.0,8.0,20986.0,9526.5,95265.0,50.0
1118,50.0,12.0,26926.0,9517.88129032258,95178.8129032258,50.0
1214,80.76923076923077,6.0,195437.0,9487.743160498003,94877.43160498003,6.772537515496533
507,73.64341085271317,0.0,61151.0,9427.780889573303,94277.80889573303,22.00819394648684
571,57.142857142857146,0.0,47954.0,9396.738077252821,93967.38077252821,26.398017172894477
205,72.5,4.0,60086.0,9382.712365316303,93827.12365316303,22.537389332801368
878,66.66666666666667,4.0,41241.0,9380.565709479928,93805.65709479927,29.765188242723127
834,13.333333333333329,9.0,4934.0,9341.721487499999,93417.21487499999,50.0
425,50.0,15.0,202829.0,9317.5788505964,93175.78850596398,7.686497625712994
322,53.42465753424658,0.0,37083.0,9062.270098760097,90622.70098760095,30.905468299298196
910,74.60317460317461,6.0,60096.0,9036.488352721435,90364.88352721435,18.36814214089699
905,77.14285714285714,4.0,39648.0,8960.289139984941,89602.89139984941,29.630624481597295
831,20.0,1.0,4065.0,8931.004933333335,89310.04933333334,50.0
393,75.40983606557377,0.0,59400.0,8866.25384154147,88662.53841541469,21.457842489846854
842,21.05263157894737,9.0,7292.0,8765.530745454545,87655.30745454544,50.0
86,22.222222222222214,0.0,10932.0,8724.313349694145,87243.13349694145,50.0
372,62.5,0.0,49100.0,8716.483258429647,87164.83258429647,24.52429351225372
1055,76.58227848101265,0.0,86714.0,8630.254139676865,86302.54139676865,15.409407545064745
164,25.0,15.0,12908.0,8540.687142857145,85406.87142857144,50.0
243,66.66666666666667,8.0,557217.0,8462.357303400198,84623.57303400198,15.69905277594448
395,23.076923076923066,9.0,8925.0,8422.740000000002,84227.40000000001,50.0
898,40.0,9.0,64749.0,8358.962813019554,83589.62813019555,13.263664869083435
836,20.0,9.0,8168.0,8352.792768750001,83527.9276875,50.0
430,61.53846153846153,9.0,23918.0,8252.682017592406,82526.82017592405,29.01298004963398
522,31.25,6.0,8000.0,8198.291707317074,81982.91707317073,50.0
990,63.63636363636363,6.0,82939.0,8169.009653409082,81690.09653409082,12.84552167019784
656,25.0,7.0,5769.0,8126.777142857142,81267.77142857142,50.0
947,75.77639751552795,0.0,91629.0,7988.148585064151,79881.4858506415,13.760902030443189
250,74.63768115942028,0.0,131710.0,7956.7883659637655,79567.88365963765,9.95638103148414
803,86.66666666666667,0.0,182986.0,7869.3342135846615,78693.34213584661,7.2969856574604
214,77.30061349693251,0.0,91273.0,7793.36727582831,77933.6727582831,13.515997667352389
922,79.5275590551181,0.0,147205.0,7727.880687594903,77278.80687594903,8.766416312199311
71,40.0,8.0,387638.0,7613.518105477875,76135.18105477875,19.40959138723923
1392,69.56521739130434,1.0,76153.0,7519.154236482998,75191.54236482998,13.386331866753364
588,45.652173913043484,0.0,21866.0,7505.440407574329,75054.40407574328,38.58457979876623
37,75.0,4.0,53130.0,7500.856571094523,75008.56571094523,20.82615703281765
286,75.0,4.0,32841.0,7497.2987602899375,74972.98760289937,29.84171493534037
464,28.57142857142857,9.0,9816.0,7375.762693946693,73757.62693946692,47.09141136267635
411,30.769230769230774,1.0,6139.0,7320.792413793104,73207.92413793104,50.0
48,40.0,7.0,9569.0,7308.915625645979,73089.15625645978,50.0
348,40.0,9.0,10577.0,7253.488384113512,72534.88384113512,44.822130041847394
336,61.44578313253012,0.0,43000.0,7184.49474770825,71844.94747708249,23.41941182894917
405,78.84615384615384,0.0,82200.0,7146.7754902278775,71467.75490227877,13.728829794902417
328,67.36842105263158,0.0,47200.0,7126.790498259591,71267.90498259591,21.652445296147512
621,50.0,8.0,387.0,7118.333295,71183.33295,50.0
384,55.55555555555556,6.0,13728.0,7105.061030139441,71050.61030139441,43.645561951836356
1370,12.5,0.0,4773.0,7063.3263157894735,70633.26315789473,50.0
289,47.05882352941176,1.0,9666.0,7014.064615384615,70140.64615384614,50.0
288,50.0,1.0,10733.0,7006.407272727272,70064.07272727272,50.0
272,0.0,0.0,4583.0,6969.1109090909085,69691.10909090909,50.0
1131,53.65853658536585,6.0,25463.0,6871.007231529758,68710.07231529758,28.764589979766946
528,36.66666666666667,9.0,11143.0,6860.62364935142,68606.2364935142,42.17304358856263
527,37.5,9.0,9392.0,6566.940578132555,65669.40578132555,45.30212656319212
303,58.064516129032256,1.0,15950.0,6564.751640603833,65647.51640603832,39.181798429647706
195,36.8421052631579,6.0,9703.0,6525.935094230768,65259.35094230768,50.0
139,55.55555555555556,9.0,56629.0,6496.997833398968,64969.97833398968,11.96402112773355
381,12.5,1.0,1858.0,6496.394634146341,64963.9463414634,50.0
643,75.83892617449663,0.0,110919.0,6480.666147001181,64806.66147001181,9.660927866651326
807,33.33333333333334,1.0,3000.0,6478.197854545455,64781.97854545454,50.0
1039,53.6231884057971,0.0,30171.0,6462.233657115413,64622.33657115413,28.162614948007835
369,33.33333333333334,9.0,6431.0,6438.113333333333,64381.133333333324,50.0
415,62.5,0.0,41329.0,6426.652203568348,64266.522035683476,22.15572986852192
833,38.888888888888886,9.0,6392.0,6386.04,63860.399999999994,50.0
153,53.57142857142857,6.0,16092.0,6272.129232007855,62721.292320078544,36.83886941848688
646,77.04918032786885,0.0,58733.0,6270.850021722581,62708.50021722581,16.347541503890582
824,47.82608695652174,9.0,7820.0,6264.431069932011,62644.31069932011,48.688864820223536
406,33.33333333333334,1.0,2347.0,6197.5847368421055,61975.847368421055,50.0
744,52.17391304347826,1.0,48642.0,6116.531492931152,61165.31492931151,16.445808008732918
557,74.19354838709677,9.0,19000.0,6115.18372809568,61151.837280956795,27.60131305677527
124,59.49367088607595,0.0,38319.0,6083.56140366121,60835.614036612096,22.515760238946335
50,50.0,7.0,4698.0,6071.585642476113,60715.85642476113,50.0
1066,76.06837606837607,0.0,55800.0,6052.1152179161845,60521.15217916184,16.563705710976873
21,53.84615384615385,6.0,7043.0,5990.677594427183,59906.77594427183,50.0
982,0.0,12.0,373416.0,5890.894183423918,58908.94183423917,6.118479366855045
865,50.0,9.0,10174.0,5851.202324455022,58512.02324455022,40.51989177352575
366,46.42857142857143,9.0,9941.0,5835.418151338472,58354.18151338471,41.01410427853011
707,28.57142857142857,0.0,11270.0,5789.145400835819,57891.45400835818,48.458910527278384
385,73.52941176470588,9.0,18432.0,5762.480976321348,57624.809763213474,27.024481796406807
428,0.0,1.0,1396.0,5751.9255,57519.255,50.0
859,16.666666666666657,9.0,4000.0,5744.342813793104,57443.42813793104,50.0
852,53.333333333333336,9.0,10800.0,5701.391108601758,57013.91108601757,38.473540165801936
819,50.0,9.0,6351.0,5690.161736842106,56901.61736842105,50.0
346,65.38461538461539,1.0,17709.0,5670.017455171897,56700.17455171897,33.38521451133847
1429,62.19512195121951,0.0,40461.0,5654.459061442398,56544.59061442397,20.368866420446903
777,67.85714285714286,4.0,105791.0,5616.897603060701,56168.97603060701,9.00194324735607
160,58.62068965517241,1.0,15786.0,5600.335665920331,56003.3566592033,35.70411736828549
319,66.66666666666667,9.0,13100.0,5500.951664464111,55009.5166446411,33.2177761778779
503,60.0,7.0,10762.0,5471.6573684210525,54716.57368421052,50.0
497,59.090909090909086,9.0,7732.0,5451.6474955973745,54516.47495597374,45.50937406466443
548,100.0,3.0,9813.0,5442.724222309356,54427.24222309356,32.07188441724135
829,50.0,15.0,15879.0,5441.695919036276,54416.95919036276,38.31565860349718
340,25.0,1.0,1843.0,5410.845882352942,54108.458823529414,50.0
158,42.10526315789473,6.0,10135.0,5379.759260148629,53797.59260148629,44.26829766206896
334,77.5,0.0,57100.0,5342.820765880239,53428.20765880239,14.622092119726988
152,47.36842105263158,6.0,10301.0,5324.296182012411,53242.96182012411,43.612845466050985
689,61.904761904761905,6.0,11442.0,5316.818845008365,53168.188450083646,41.01501178512478
813,41.17647058823529,9.0,5630.0,5232.2779199999995,52322.77919999999,50.0
714,25.0,0.0,8730.0,5214.7764705882355,52147.76470588235,50.0
1195,60.0,6.0,16472.0,5106.747045189345,51067.470451893445,31.69057235801929
930,67.64705882352942,6.0,20917.0,5031.105490051478,50311.05490051478,26.466687130712906
936,16.666666666666657,4.0,11350.0,5018.886169072854,50188.86169072853,45.17205343611374
222,63.15789473684211,1.0,11935.0,4953.552369003555,49535.52369003555,39.38152453948688
843,41.666666666666664,1.0,5380.0,4931.410714285714,49314.10714285714,50.0
302,79.16666666666666,0.0,57100.0,4661.67921400579,46616.79214005789,13.000304360605638
916,79.4392523364486,0.0,51778.0,4658.68248187211,46586.8248187211,14.13968761329041
866,56.666666666666664,9.0,10174.0,4648.211051955025,46482.110519550246,35.11441694507698
189,17.64705882352942,0.0,7481.0,4632.047384415584,46320.47384415584,50.0
1410,71.42857142857143,6.0,11524.0,4482.554729933922,44825.54729933922,36.791594499115725
1056,81.5068493150685,0.0,72958.0,4478.942642867397,44789.42642867396,10.101472149002287
1133,64.17910447761194,6.0,82302.0,4477.967025074328,44779.67025074328,7.528842627512283
861,50.0,7.0,4276.0,4413.182481818182,44131.82481818182,50.0
414,61.11111111111111,1.0,36387.0,4383.671893329209,43836.71893329208,15.86566364400645
462,65.21739130434783,9.0,9226.0,4138.820418311091,41388.20418311091,34.69947740027086
127,66.66666666666667,4.0,27071.0,4138.453688610561,41384.536886105605,22.168867936358676
547,66.66666666666667,3.0,23903.0,4108.841139443789,41088.41139443789,12.764929891759854
74,50.0,8.0,387638.0,4107.400993785862,41074.00993785862,11.499066968431876
241,61.904761904761905,1.0,51999.0,4032.150067920395,40321.50067920395,10.823890638688844
937,25.0,4.0,10346.0,4022.3145702109614,40223.145702109614,42.00777605483937
882,67.46987951807229,0.0,39143.0,4018.2444778963636,40182.44477896363,15.817369224910893
184,59.42028985507246,0.0,34171.0,3969.649715104836,39696.49715104836,17.534597146888707
22,33.33333333333334,0.0,3569.0,3963.0800025299195,39630.80002529919,50.0
1035,75.0,6.0,14585.0,3945.3721909409114,39453.72190940911,28.815133897893713
933,68.75,6.0,8525.0,3887.016375438733,38870.16375438733,40.5574609229818
477,83.33333333333334,9.0,21600.0,3827.569840459325,38275.69840459325,17.348543795581723
451,50.0,1.0,5013.0,3810.3694736842103,38103.6947368421,50.0
897,69.33333333333334,0.0,37775.0,3768.822904367029,37688.22904367029,15.441456472185088
264,66.15384615384616,6.0,83660.0,3719.4767673756114,37194.76767375611,6.237958332899537
165,50.0,15.0,3877.0,3641.299591836734,36412.99591836734,50.0
251,40.74074074074075,0.0,12773.0,3634.427372648976,36344.27372648976,34.24521798243067
136,75.51020408163265,4.0,56467.0,3613.987821647892,36139.878216478915,10.654235829625668
159,33.33333333333334,0.0,9788.0,3610.2281969053947,36102.28196905395,40.30218759351509
25,64.61538461538461,6.0,103286.0,3524.7714698816653,35247.71469881665,4.858592780331439
1007,68.11594202898551,6.0,41933.0,3513.685210822447,35136.85210822447,11.141811250392204
460,74.28571428571429,9.0,17927.0,3478.2165806484845,34782.165806484845,18.68743895274164
919,58.33333333333333,0.0,31233.0,3439.0035606042366,34390.035606042366,16.773061963148255
400,81.25,9.0,19315.0,3373.0024316799013,33730.02431679901,17.139973759953396
1034,50.0,11.0,3907.0,3355.7768181818183,33557.76818181818,50.0
308,47.05882352941176,9.0,5033.0,3258.1298139345026,32581.298139345025,43.40063912733428
397,61.11111111111111,9.0,54061.0,3194.4910498933345,31944.910498933343,6.541531052492933
237,62.5,9.0,101262.0,3191.1683212974926,31911.683212974924,3.5985690162352846
1061,66.66666666666667,11.0,44218.0,3152.223200491234,31522.232004912337,7.8743870560949505
841,71.42857142857143,6.0,5680.0,3089.06852062879,30890.685206287897,44.86786707159839
525,73.07692307692308,9.0,9062.0,2995.047796012124,29950.477960121236,28.13469060543774
659,68.9655172413793,1.0,15306.0,2957.861805765008,29578.618057650077,23.223910040130207
1005,57.77777777777778,6.0,26325.0,2943.777204954892,29437.77204954892,14.334821975059686
1041,35.294117647058826,0.0,8073.0,2894.1424915871767,28941.424915871765,39.61962017894031
539,50.0,1.0,1473.0,2889.705,28897.05,50.0
1286,100.0,3.0,205472.0,2688.866644394584,26888.66644394584,1.101706204261801
810,44.44444444444444,1.0,3729.0,2686.2864967741934,26862.86496774193,50.0
84,0.0,6.0,4038.0,2647.2797979397787,26472.797979397787,49.52136213785256
870,0.0,1.0,755.0,2625.6432774193554,26256.432774193552,50.0
436,50.0,4.0,15574.0,2576.729493714747,25767.294937147468,23.562920232006142
858,50.0,7.0,1566.0,2564.73382,25647.3382,50.0
756,75.60975609756098,4.0,44352.0,2524.0045966901703,25240.0459669017,9.586629845202111
1400,64.28571428571428,4.0,21168.0,2493.890114102127,24938.90114102127,17.999836943105198
474,72.41379310344828,9.0,10151.0,2493.0107264552207,24930.107264552207,22.535258320520512
512,50.0,4.0,5000.0,2462.416322816645,24624.163228166446,47.85116156407866
1445,37.5,0.0,4298.0,2421.8662500000005,24218.662500000002,50.0
101,75.0,6.0,18860.0,2410.4104748896643,24104.104748896643,16.054542736658195
1109,64.61538461538461,6.0,102191.0,2396.4156941752417,23964.156941752415,3.390175817979684
872,25.0,9.0,3627.0,2325.8688978134887,23258.688978134887,43.168668379530764
511,70.96774193548387,9.0,12316.0,2306.8098677562725,23068.098677562724,18.15777712845704
926,55.172413793103445,0.0,26033.0,2300.334653961932,23003.34653961932,13.921637202752581
466,87.5,9.0,22500.0,2277.683351253654,22776.83351253654,10.707078926813136
534,11.111111111111114,1.0,898.0,2249.8096551724143,22498.096551724142,50.0
818,50.0,9.0,3648.0,2233.45623579437,22334.5623579437,42.03615294789235
825,37.5,9.0,3592.0,2208.4588622836122,22084.58862283612,42.138878755445496
307,70.96774193548387,9.0,10873.0,2141.4564914123316,21414.564914123315,18.916313301831757
427,81.25,9.0,14269.0,2125.576954495798,21255.769544957977,14.998652693479691
660,66.66666666666667,1.0,5447.0,2033.5331781422626,20335.331781422625,36.88338467798079
106,37.5,0.0,5374.0,2013.2921496447589,20132.921496447587,40.67771332768793
81,0.0,7.0,3025.0,1989.7086561649126,19897.086561649125,50.0
669,63.63636363636363,1.0,4768.0,1975.577640275805,19755.77640275805,39.34104870044835
278,80.43478260869566,6.0,148101.0,1956.6837284878595,19566.837284878595,1.938704826164948
574,80.83333333333333,0.0,56343.0,1855.1910315251152,18551.910315251152,5.684117063231101
99,50.0,6.0,2260.0,1710.3399493318586,17103.399493318586,50.0
402,100.0,9.0,2818.0,1694.3813625407163,16943.81362540716,41.596243004387404
5,41.17647058823529,0.0,8000.0,1626.2229837655213,16262.229837655213,27.11719192513233
361,81.25,9.0,13224.0,1587.0593847545927,15870.593847545926,12.446493723771527
1196,68.18181818181819,1.0,57201.0,1544.8572747657192,15448.572747657192,4.055980240184135
543,25.0,1.0,801.0,1510.981621621622,15109.816216216219,50.0
892,33.33333333333334,12.0,481999.0,1501.352022177633,15013.520221776329,1.2704530650671093
456,87.09677419354838,9.0,14125.0,1490.1239078172746,14901.239078172744,11.10808815036062
378,63.15789473684211,9.0,35241.0,1471.902330988634,14719.02330988634,4.714138924845325
412,76.7741935483871,0.0,110000.0,1453.703308090847,14537.03308090847,2.361742919240252
811,69.23076923076923,9.0,4848.0,1449.5911984595223,14495.911984595223,26.154664106975154
538,50.0,10.0,10000.0,1419.836964941961,14198.369649419608,31.99246885033491
948,78.57142857142857,1.0,20372.0,1418.1887418920232,14181.887418920232,9.825961652425143
601,73.6842105263158,1.0,11910.0,1405.671230729291,14056.71230729291,15.5934230795935
816,0.0,1.0,356.0,1381.1375785714285,13811.375785714285,50.0
536,71.42857142857143,1.0,1962.0,1291.9377777777781,12919.377777777781,50.0
476,37.5,1.0,1102.0,1268.221935483871,12682.21935483871,50.0
1408,76.19047619047619,1.0,28760.0,1253.1294246724342,12531.294246724341,6.384790326318512
1422,69.23076923076923,4.0,19876.0,1194.4743758346071,11944.74375834607,10.069569214639687
44,50.0,11.0,283.0,1169.80264083475,11698.0264083475,50.0
820,40.0,1.0,648.0,1127.9715096774196,11279.715096774196,50.0
161,48.14814814814815,0.0,11329.0,1082.8409917794504,10828.409917794503,14.889664837367004
565,38.70967741935484,0.0,15326.0,1043.6487205436395,10436.487205436395,11.082602957880848
1389,74.07407407407408,1.0,17104.0,1010.6878934726003,10106.878934726003,8.466298563583564
805,62.5,1.0,3200.0,952.5482115944997,9525.482115944997,31.784392654172766
603,78.26086956521739,9.0,29063.0,949.2268115349434,9492.268115349434,3.724669290835182
1049,78.39506172839506,0.0,94399.0,948.4278684661549,9484.278684661549,1.8057290020628594
1001,100.0,7.0,4482.0,903.8187119490833,9038.187119490833,44.9552746530897
871,85.71428571428572,1.0,1536.0,894.2615631038216,8942.615631038216,47.67988607959109
186,50.0,10.0,1629.0,893.8703999999998,8938.703999999998,50.0
702,51.851851851851855,0.0,24251.0,872.8515357033496,8728.515357033495,6.180630074191755
821,50.0,7.0,2555.0,870.116670967742,8701.16670967742,50.0
193,66.66666666666667,6.0,6203.0,849.9750764827339,8499.750764827339,17.01576336381098
245,81.13207547169812,0.0,88486.0,791.9384687325219,7919.384687325219,1.6117205824884386
1217,83.56164383561644,0.0,73044.0,666.0430736570503,6660.430736570503,1.6415679916906492
845,55.55555555555556,1.0,860.0,627.91269375,6279.126937499999,50.0
877,81.25,6.0,8004.0,621.8402390024444,6218.402390024443,10.414982582329687
1403,76.92307692307692,4.0,78438.0,610.1404551630025,6101.404551630025,1.4285998616414148
510,76.92307692307692,9.0,4581.0,596.3526190995574,5963.526190995573,13.35994587056801
1081,100.0,5.0,11470.0,592.222510126482,5922.225101264819,4.371495687149473
379,60.0,1.0,7675.0,488.6581064125123,4886.581064125123,9.062782635376298
1036,78.125,6.0,54207.0,467.2565083393769,4672.565083393769,1.27346005593126
359,86.66666666666667,9.0,4925.0,445.4226076262625,4454.226076262625,9.6763314083587
94,62.121212121212125,0.0,29469.0,428.4666993283405,4284.666993283405,2.592237289780262
822,100.0,1.0,366.0,425.83657777777773,4258.365777777777,50.0
102,76.92307692307692,6.0,15876.0,420.5167230541207,4205.167230541207,3.8125201801487867
1071,73.6842105263158,6.0,10385.0,349.395030260041,3493.9503026004095,4.7932427037991125
541,50.0,4.0,2582.0,330.38352615677945,3303.835261567794,19.251084937223766
295,83.76623376623377,0.0,83400.0,315.74415288956953,3157.4415288956952,0.6881763336599518
1246,77.61194029850746,6.0,50327.0,293.3614128754358,2933.614128754358,0.8647320473704682
357,0.0,4.0,2000.0,258.0902500568904,2580.9025005689036,19.38312981080948
423,71.42857142857143,1.0,969.0,255.81273602406418,2558.127360240642,29.24009628252831
182,75.0,1.0,1022.0,245.7385634292864,2457.385634292864,27.345145387549614
267,74.07407407407408,1.0,72193.0,235.51783191927825,2355.1783191927825,0.5080539245997924
748,65.45454545454545,6.0,32766.0,181.30659316703387,1813.0659316703386,0.8212215723755454
252,62.5,0.0,4314.0,125.07677593166555,1250.7677593166554,5.039297147357281
309,100.0,1.0,2067.0,122.68296402057204,1226.8296402057204,8.500700800338969
1037,55.0,0.0,8805.0,96.90254829413826,969.0254829413825,1.9745769949157939
1423,62.5,4.0,18277.0,84.00623014489393,840.0623014489393,0.8491014963383589
809,50.0,1.0,520.0,82.67430063410616,826.7430063410616,19.92716697670785
142,73.84615384615384,6.0,45348.0,76.80125253229053,768.0125253229053,0.25279142589489817
1053,78.37837837837839,6.0,21582.0,70.15231118540979,701.5231118540978,0.48405464520067015
846,100.0,1.0,481.0,65.2188156747835,652.1881567478349,17.50787716350058
681,73.6842105263158,9.0,41861.0,24.36414402324008,243.64144023240078,0.06889463363018765
1339,81.6793893129771,0.0,140488.0,18.184957648662387,181.84957648662385,0.023686434578237225
429,82.75862068965517,9.0,11934.0,7.51824150493776,75.1824150493776,0.07456747202111387
